,label,text
59209,0,酒店的环境只能用两个字形容垃圾，早餐叫人恶心，都不新鲜煎蛋我只吃了一口就涂吐掉了，而且工作人员不带口罩，对着食品聊天，喷的吐沫星子全都落到上面。卫生间味道都是发霉的味道加上走廊。被褥不知道用了多少年了没换过。毛巾黑了吧唧的。我就没敢用.后悔。这种酒店还收停车费，一次十元，太黑。这种酒店最多就是个县城的招待所，最多值100元/天，200多一天太贵，不值
37765,0,也不叫蒙牛、伊利
60213,0,也就是离机场比较近，有摆渡车，否则绝对不会住的。598的豪华大床，房间小，床更小。wifi信号差，电视节目只有5个频道。也就是个三星级招待所的感觉，早餐种类也少。非常一般的酒店
21075,1,最急这种苹果买了几次了，整体感觉还不错，没有冰糖心的甜，但感觉储存的挺好，新鲜程度还好。这次买的比前几次略大些，京东自营送货一直有保证。
61262,0,"本人3月20晚住该店一晚，为的是3月21日早上我要坐早班飞机。20日晚上10点在1号航站楼等接客的饭店客车，依维柯车来了，可是，等车的客人有30多人，车太小，人太多，时间晚了，国人和老外都只能全挤在这个小小的空间。大家都活像沙丁鱼，身体贴身体，头贴头的。不过，除了，车速有点快之外，倒也互相谦让地安全到了饭店。 第二天早上6点，饭店的大巴送客去机场，座位倒也有，也舒适。可是，那个大个子司机服务就有点差劲了。我是去2号楼的，就见大巴一下停在大楼的底层，大个子司机操作难以听懂的地方话叫了几句，有3个结伙客人下来了，我一下子琢磨不透，怕误了机，赶紧下来，真巧，大个子司机也下来打开行李仓门，我赶紧问，一边拉出自己的箱子，一边问，这是2号楼吗?,大个子司机很不耐烦说，上去上去。 我又重新上车。车发动了。几分钟后，大巴又停了。哦，是1号楼。我和其余2个住客还坐在车上。大个子司机吼了，下车下车！。我说，我去2号楼。大个子司机回话，刚刚去过了。我说，我刚才问你是不是2号楼，你说上去上去的。要我不要下车的。大个子司机不语。后说，上去坐摆渡车吧。说后扬长走车了。 本人可能文化程度差，没能听懂大个子司机的夹杂地方语的报站。可是，作为接待各地不同民族的饭店，需要有能耐心和能够稍稍讲一点都能听懂的普通话来接待客人。我也不苛求需要多么标准的语言。这一点，我想我的要求也不过分。希望以后饭店能够有所改进，同时希望住该饭店的客人，遇上坐早班车赶时间时，可要注意了，多瞧多问边上其他坐客，不要误了下车。"
16247,1,真心的不错，干净，甜，，味道美
3559,0,读此书几章，是难读完！内容好像是***宣传的东西，叫人逆来顺受，凡事忍气吞声，强调调节自己的心情。类似阿Q精神自我释然。读本书不能让人精神气爽，更不能让人励精图治，也不像散文让人清净。总之超作胜于本书价值！
58468,0,房间内部设施老旧，修电的老工人敲错门，居然不会说普通话，在那里自言自语后就走了。空调的声音比外面的飞机发动机声音还响，睡到半夜空调自己停了，冬醒后听着飞机的隆隆声再也没睡着
8173,1,这款平板美观，音质好，音量大，也比较清晰，是一款比较好的平板。
3838,0,《求医不如求己》这套书非常实用，我已推荐给很多朋友，瞧我的订单，有好几个都是购这套书的，都是送给朋友或替朋友买的，朋友说我都成了“大忽悠”了。其实不是我能忽悠，是书确实好，营销学上讲，把好的新产品推销出去，叫营销，把不好的产品推销出去，叫骗销，我是把好的产品介绍给朋友，共同受益，显然不应在骗销之列。
16272,1,口感一般，这次购物很失望啊，以后还能不能网购水果啊
26860,1,沙宣品牌值得信赖，控油效果不错
26281,1,很实惠！特别感谢，媳妇用了。是真的，618买。真划算！！特别是快递小哥，服务特别周到。给京东快递小哥1000分好评
46125,0,线头多多，掉色利害，异味重！不值这价钱！懒得退货！总之不太好！
8005,1,一，昨天订的平板今天又到了，非常漂亮，半边脸都挡住了，就是有点大，音质不用问了，哈曼的，反应很流畅，目前开机使用情况正常，运行王者荣耀流畅，其余待使用后评价。
6181,1,东西不错，屏幕清晰，速度快，大小合适，看电视，玩游戏都不错，快递师傅很热情，下单送货速度很快
32301,0,假的，洗完头发没一两天头发就很臭！！赶着双十一的活动以为捡了大便宜原来是个坑。
3376,0,很一般，如果是在书店看了点内容，就不会买！
45329,0,大小合适，穿着也比较不错，做工也不错，非常满意
33094,0,我想知道这是什么意思！
10998,0,手机电不顶用，刚买了玩一会就有点发热，不支持买着个手机，换一个吧
49073,1,4599时买的，送了个包 整体显蓝色，还蛮漂亮，用了1天还没发现什么问题。 不过买了以后就降价到4555了，蛮好再等2天的。
57280,1,挂牌四星级，但实际感觉不够标准，不过房间还算比较干净。马桶居然是TOTO的，其他洁具也都是名牌，比较好用，衣柜中有感应灯还有一个小保险柜，柜子中还有一个小冰箱，阳台上可以晒衣服，唯一不足的是楼下在施工，有点吵，过道有股潮味。酒店位置还可以，楼下过马路就是椰海长廊
39562,1,不错，大小正好挺好的，物流有些慢总体来说五颗星好好
1688,1,读了这本书觉得很受用。这本是一本关于心理方面的书，其中讲到的很多问题都是贴近生活的，比如自己曾经经历过的或者是身边人也经历过的。感觉在某种程度上受到了心灵的感召，或者说，像是一个经验丰富的长者向你娓娓道来人生的道理，揭示出在人生路上遇到的某种不知所措的困难，告诉你解决的办法。比如书中提到推迟满足感，就很受用，让我在学习方法遇到瓶颈的时候提供了一种新的动力。
11175,0,开机就是坏的对产品质量严重怀疑你们没有质检吗？大过年的给家人买个平板打开就坏的恶心死了
38872,1,第二次买啦，上次买的非常舒服好穿，所以决定回购。这次的质量也没有让人失望，会推荐朋友来的。
48234,0,差差差，第一次被坑还*拍32裤洗后变成28的裤子。千万别上当哥们了。
4211,1,到货速度很快，使用后再评价。
61805,0,"我在晚上6点30左右入住的,当时是一位男服务员为我登记,我问他可不可以作信用卡预授权，他说不可以但建议我可以用现金作为押金到退房时可以用信用卡消费．房间很大但很旧，电视机只能收到４个台的节目，在第三天我退房时要求用信用卡消费，当时一位女服务员说我之前是用现金作为押金是不可以再用信用卡消费的，还反问我说如果我要消费的话在入住时为什么不做预授权，当时我就把之前那位男服务员说的话跟他说一次后又反口说是因为现在机器坏了不能用，我跟她说我在３０分钟之前见到有一位客人才用信用卡消费过，为什么会这么快就坏了，她见我态度那么强硬就帮我用卡消费了，事实上证明了刷卡机并没有坏，当时因为我们赶着到机场坐飞机就没有再跟她理论了，但一直觉得心中有气．"
51888,0,1.稍微有点厚 2.对硬盘做了一个初步测试，读写速度一般，但cpu占用率较高。 3.随机附带的驱动光盘只有vista驱动，无法适用于XP 4.读卡器插入有点卡，不方便。
34871,0,清扬不好使，用完头发像草是的。不买清扬了
36437,1,装上了，一切都还好。防电墙有了，就是没有防漏电开关，如果有的话就更好了。价格划算。发票也有。
42020,1,面料摸起来很软，面料质量不错 合身，大小合适 做工不错
44336,0,感觉受骗了，京东现在的货品质量越来越差。
19843,1,苹果一般般，外观挺红的，味道有一些挺甜，一些没那么田，有一个心黑了，不行，下次不买了。
48224,0,最差的一次购物体验。
2230,0,这本书完全是根据这部电影走红后出版的商业书。内容很不全。里面收集了张的很多长篇小说，但都简化了。
33280,0,买的时候图片上有吹风机，邮回来没有，问卖家卖家不承认～～～京东，我也是无语了～～～
44610,0,拍的宝贝是XL的，结果给我发成L的，结果还让我自己出邮费换，再三跟客服强调要2XL的，客服也答应给我发2XL，结果还是发错了，就是这样不用心的对待客户订单么，太差劲了
28310,1,现在我越来越懒宁愿在京东超市买也不愿意去超市买东西啦。哎。
26743,1,收到了 在超市都要一百多，很满意，物有所值。
51373,0,风扇声音有点大，而且叫起来是间歇性的，跟老公的DELL本本放一起，就感觉我的本本很聒噪，不知道这个是叫法是普遍现象还是个别情况呢？不过可能正是风扇的声音够大，所以散热很不错，其他的暂时还没发现问题。
33738,0,一点都不好用，洗了之后会有头皮屑，以前用的是沙宣都不会有头皮屑，以后再也不买了
37791,0,反正我不喝蒙牛
30241,1,这次购买真是让人生气，差不多等了8天才到，这期间一直有联系京东客服，但还是无解，都没去看啥原因就是说现在没货，没货的话页面上为啥显示还能购买？什么京东自营，物流这么慢，多次打电话还是这样，不单单是这个订单，其他订单也是这样，偏远点的就不说啥了，这个市区里的还能配送个8天，难道还能针对客户的？再说了，我也没得罪你们吧？投诉建议了也没管用啊？？？就这样不了了之的过去了，也没给个说法呀？？？
40178,1,买的裤子质量很好，穿起来挺舒服的，不错，我喜欢，下次还来
26878,1,昨天刚下单，今天就收到了，物流超快！拆开没有损坏，效果等用了再来评！
25635,0,苹果都干瘪了，借着促销，卖这种苹果。就这苹果根本不值这个价钱。
22098,0,苹果不甜，家里人说难吃。拿到的和图上完全不一样。一看就是打农药不正常的颜色，我说退回去，老婆说包装拆过了，我说那就扔了吧。虽然事实还没扔，但真的难吃。
57876,0,就在美美百?
36890,1,洗完澡想吃雪糕就去超市买 可是是因为快放假了么雪糕种类少的要死我觉得雀巢草莓味儿的大碗雪糕没有蒙牛的好吃 于是没办法买了两个牛奶味的雪糕一起吞掉。妈妈刚才电话里说沈阳不冷 可是我看了一下天气预报回去那天零下二十三度。默默地决定回去去批发市场批发小零食宅在家里。
17424,1,苹果不大不小，味道一班，价格小贵
33503,0,说有赠品飞科吹风机，没发货。客服说没这回事，什么意思？
43437,1,质量挺好的，一直信赖京东???
46474,0,京东商城卖的就是狗屎
38473,0,拒绝蒙牛，以后再也不买蒙牛的产品了
55969,1,位置靠近区体校，不是正市区中心，但交通都算方便，离火车站也近。各方面都为标准4星酒店，服务比较热情，可能和管理有关。以前都是住凤凰，甬江的，这次在机场看到有酒店人员打着免费接机的牌子就注意上了，回程就住到该酒店，去机场只要和前台预约一下就可以了，一个人都送机。对于往返机场的旅客还是很方便的。
3412,0,和老版没有什么不同，没意识，钱花糟了
52126,0,1.硬盘速度太慢 2.整机性能一般，多开几个QQ，再开视频就卡的厉害 3.触摸屏下的按键很硬，使用很不方便 4.发热厉害，机子底部明显发烫 5.散热风扇声音比较大，特别是晚上安静的时候明显
21358,0,拆开一看还有烂的，跟描述的不一样
41207,1,裤子很不错，面料很好，穿起来非常帅气，喜欢！
31264,0,大家都过来看，买的时候*昨天是*说什么秒杀，今天有是*，某些平台真是会玩。你们自己看着办吧，价格保护也是无效。
51721,0,发热是普遍的，不过从07年我就开始使用的6515b的情况看，这个热是没有带来任何问题的，你不要常用手去摸当它不存在好了，除非你要煮鸡蛋，哈哈
11530,0,各种卡，就一垃圾货，买的想好了
41191,1,给老公买的，穿上很舒服，老公很喜欢
25708,0,不是很甜！不比上次买的好！包装也一次比一次差
11889,0,2-6天发货，非要第六天才发货，第七天才到货，明明有货拖着不发，自营这速度必须差评。
2426,0,已经帮人买了很多本，最近的一次订的4本都缺了大图、目录、1－5页，大家收货一定检查清楚！
49414,1,外观很靓！配置也很均衡！我是自提的，认为性价比还是很高的！装系统也不是那么麻烦！硬盘改为IDE模式，再选择光驱优先启动。然后就可以自动装系统分区了！
11581,0,不好 本产品非常慢 又卡 相素一点都不好 服务态度不好
41077,1,裤子很好 很值得买 小伙伴们不要犹豫了 赶快下手吧
25666,0,客服一直不回信息，什么情况，苹果上面都是一个个坑，这样的态度真心不想来买第二次了
55287,1,"无窗房,价廉物美,晚上8点入住,早上7点出门.对于一些仅仅是睡一觉的客户相当合适."
31278,0,快，这次就很快，相当快，唯一的得分点。东西还没用，不能做过多评价。不过到手了看到，价格不是太美丽。而且买后第二天就降价了。买当天还是说是最di价。价格qi pian。评价不让说真话，有意思
52541,0,为什么商务笔记本却没有摄像头呢？如果开网上会议之类的还得单配摄像头，不知道研发人员怎么考虑的。4芯的电池只能用两个多小时吧，有点不太够呵呵~不知是不是VISTA系统的缘故，开机和关机超级超级慢。
45561,0,两条裤子不是一个质量
56823,1,因为偏淡季去，当时携程280的报价还可以，酒店给的报价是打7折。酒店对面就是大海，但晚上没有灯，太黑。酒店很干净，特别是酒店服务员的态度很好。咨询旅游事宜很耐心、实用。离开时忘记带凉拖，多亏服务员的提醒。唯一的遗憾是被分在挨着走廊的位置，跟旁边房比视觉上肯定小。
13750,0,一点都不好 爸爸说不耐电，用得特别快的，诶 真是便宜没好货，真的不要买，上当了一样的。真后悔，真心不耐电 重点是连膜都不送，太坑了，一般买电器类不是都送耳机 送贴膜呐，店铺送的东西一点都不实用，没点用处，还不如不要送 真的是。千万不要买。
48503,0,质量很不错，无色差
37642,1,要不是打半折而且是买生日活动礼品，我才不会买这么贵的牛奶。原价98一箱，居然只有8瓶！虽然味道确实还不错～至于身为孕妇还敢喝蒙牛，我想说，反正光明伊利也都喝过了，不差这一个。
9891,0,平板本身还行，买了两天发现平板正在做活动送赠品，而且赠品都挺贵，这不就是变相降价，我希望商家能解决我这个问题，希望也能给我送赠品，毕竟我买了一个星期不到，退回重拍卖家也麻烦。做生意开店要灵活，客服总跟我说以当时订单为主，让我很不满意！！！
22034,0,差评，苹果个头大小不一，有几个小于5CM，第一次遇到非常不靠谱的水果产品。大家千万别相信。
32532,0,不怎么样，有一件瓶子还漏，真不知道怎么包装的，一星给物流
21245,0,口感一般 尺寸不足 没有一个到80mm
16744,1,第一次购买生鲜产品，价格实惠，京东配送物流给力，包装完好！买了好几种水果，五六个包装箱，没有一个碰坏或者变质的！特别是京东的快递师傅会等着客户当面检查完才走，态度好！有耐心！真心点赞！非常满意京东的服务！五星好评！
27473,1,家庭装，很实惠。晚上下单，第二天上午就送到了。京东快递总是那么给力。试用了一下，味道不错，挺好闻的。好评。
34156,0,失望，潘婷经常用，从来不会头痒头屑，你们家卖的啥玩意，刚用一次就痒，头屑。果断认为是假货，请大家千万不要购买。还是多跑几步去商场买吧
8652,1,各方面都相当满意！就是觉得反应没手机快，不过不要紧，我只是看看视频而已。
35271,0,感觉是假的，头发洗完当天就会特别痒还长头皮屑，头皮还起疙瘩
40020,1,很不错的衣服，价位里算不错的
815,1,我个人觉得这本书是我读过最好的一本书，书中采用为什么要这样，动机是什么，他的出现有什么背景知识，以及一个概念属于的多重含义，在不同场景的不同运用，这样的方式来进行的，我个人认为翻译的还不错，这本书的作者，真的是不愧为大师啊，每每看下几页纸，就感触颇多，那是很有体会啊，一本书能够勾起你很多的想法时，我想你读书的目的已经达到，如果你还在犹豫，那么请你果决点，绝对没有错，强烈推荐！
26672,1,做活动买的，很划算，还没有使用，后面使用会追评，目前来看值得购买。
54318,1,酒店环境和服务都是五星级的，去周围几个五星级酒店逛了一圈作对比，还是觉得万豪好，下次还会选万豪。
46226,0,尺码不对 穿不成
57949,0,携程的员工最好自己去住住看！这是一家连三星级都没有的酒店。非常不满意：1：携程上不知我什么这家酒店的综合评分是4.3。误导客人。2：酒店信价比不高，地段也太偏。3：早餐是我吃过最差的酒店，肉包里面还有苍蝇。请大家千万别去住，真的还不如Motel.补充点评 2008年6月25日 ： 工作人员态度诚恳，下次愿意再住住！
44097,0,差太差了，跟照片上的完全不一样
20113,1,吃了一个，水分比较大，味道也中规中矩，以后还会再买。派件员主动要求当面开箱查验，京东服务给力！
40372,1,很合适，牛仔裤的布料很好。男朋友很喜欢，值得购买。推荐的码数合适，客服的服务态度良好。好评好评好评~
56165,1,这个酒店给人感觉不错，位置也比较好，硬件也不错，总体性价比较高，只是卧室如果有电视会感觉更好。
8069,1,一直在京东购买，每次买都很好，至少保真，物美价廉，你值得拥有
16799,1,不是很脆了，一般般的，反正随时都在买了
35409,0,洗完头像下雪一样，用了两次全扔了。后面连S安全标志都没有，建议三思后行
19460,1,性价比很高的，味道不错，值得推荐。
58007,0,很烂的酒店
27179,1,买早了，早知道等几天又能便宜10元，京东价格变幻莫测，多观察少出手
44724,0,有色差！不满意
27362,1,在京东买过好几次了，很想，跟我以前在超市买的用起来一样，并且超划算，实惠，好评！
27415,1,一直在用，下次再购，物流也快不到一天就送到
45015,0,我拍的是加厚加绒的，给我发的是春秋款，不知道是粗心大意，还是春秋款搞处理，真的无言了
4030,1,收到宝贝后就用了，打开手机有40％电量，用完后手机很烫，不知道有的那些说手机不发热人是不是昧着良心说的，其它就还行吧，习惯好评
18213,1,快递速度和服务态度好的真是没话说了，很开心这次购物，以后还会再买再买的?，打开就可以闻到苹果香味了?，苹果正常大小，刚好一次吃一个的样子。
59307,0,前台服务极差！接机服务过1分钟都不等人！就是因为转机才住，看是附近最贵最好的，性价比实在太差。
19985,1,超级棒，比超市好，价格还公道，以后就在京东商城买水果啦?～～
41959,1,实惠。穿上很合适。老婆说挺好看的。
28466,1,很不错，挺好用的，一直信赖清扬。。。。。
6130,1,总体看上去还可以，先用着。
14741,1,1、从外型看，320的设计确实在女士机型中算是一流的。烤瓷技术外壳也不错，我用了一年了，一点都没有磨掉，除了天线上面被我摔了几次磨了一点下来以外，整个机器跟新的差不多，让我同事羡慕不己。2、从质量上看，用了这么久，也没有出过什么问题。中桥的机器听说里面的主板是韩国过来的，感觉上和科健差不多的性质，所以质量在国产机中要算是不错的了，我个人认为比波导好。3、从屏幕色彩上看，也是满不错的，虽然不能和25万色屏相比，不过也比古老的4096色好多了。内屏分辨率也蛮高的。4、从铃声上来说，带一首真人唱歌“IBELIVE”，另外也有好几首时下流行的乐曲，我觉得还是满不错的，应该说是迎合了女性爱完美的心理，不管怎么说，真人唱歌这点在现在也是非常让人有面子的。5、从流戏上来看，较一般机器的什么俄罗斯方块呀，贪吃蛇等要进步多了，虽然真正意义上只有两款游戏，游戏是有些单调，但是还是有那么一点挑战性。
37337,1,喜欢上了蒙牛酸牛奶的味道…
23898,0,果很多有点烂的，以后不会在京东买水果了
22423,0,苹果都烂成这样了，发给人家的时候也不知道检查一下，还不能退货，唉真是醉了
50915,0,感觉做工、材料什么的比以前IBM时代有了退步！当然不是360的问题！
26753,1,牙膏纸巾沐浴露洗发水都是在京东买，很快物流。都是正品旗舰店买的。
24476,0,收到货，火龙果很多位置都变颜色，里面有点烂了，唉，才发货一天就到的，怎么可能烂！说明品质不好！以后再也不在你们家买了
23433,0,是我的打开方式有问题吗？又酸又苦?
26086,0,三个，昨天收到货，没来得及吃，就烂了一个
57405,1,"观海木楼建筑别致,风景优美,环境幽静,绝佳的度假胜地,8628房间位置极好.只是每天不是24小时热水供应,很不方便.中餐厅的芒果螺(蒜蓉粉丝蒸)味道好极了!米饭又软又香!"
41073,1,裤子很合身，现在的天气穿正好，里面穿一件秋裤，
46876,0,很不满意，质量太差
7215,1,手机还不错，这个价位经济实惠。
47503,0,码数太大，退换麻烦到要死
40675,1,很好的一次购物。东西质量很好?
35328,0,用起头发还是比较滑的……不过头皮还是有些痒痒的……用了一段时间，用久些不知会不会更好
18638,1,到货速度蛮快，买给丈母娘吃的。不知道味道如何。好的话会继续买。
23550,0,前两天运费600差点坑了我，你够狠够黑也够阴的，快递不能送就不要送了，一点也不老实
8144,1,一次性买了五个，反应快，高端
1636,1,翻开这本书的时候，就让我沉浸在回忆之中，幼时的点点滴滴，有时看完一篇，自己躺在床上静静地想，静静地回忆，默默地流泪，默默地笑笑。但是所有的一切都不会回来，只是觉得那时的阳光要比现在的灿烂，那时的小草要比现在显得更加碧绿，一切都过去了 。。。。。。我只能将这些回忆带进自己的坟墓。书中的有些章节我觉得写的有些做作，但是我想这本书的主要成功之处是勾起我们的回忆，所以其它的也就无所谓了。
22118,0,当天没有拆开来看，第二天早上打开发现三个都烂了。
29770,1,老牌子好用！也很实惠！送的东西也多！对头发很不错?
31319,0,洗头过后，头爱起头皮屑
43873,0,什么鬼， 同样的码数，这个大那么多， 同款， 布料不好， 。。。。。
60457,0,不能再差了
48573,0,质量不对货不说，码数小了想换个大码的都不行。。。。
2098,1,【荐书】人手一本一点也不夸张，就是你需要读一读得好书。
18502,1,拍了两箱京东自营团队 产地直采 仙美XM 苹果烟台红富士 12粒装75mm 的苹果，味道还蛮甜的不错，还算新鲜，但个头小，大部分是60mm（见照片）多一点。还过得去吧
45325,0,领子没有弹力，穿几天就泻松了
32674,0,太假了，没有生姜的味道
44353,0,太次了，质量就是地摊货，还忘记给我发货，早知道就不要了
48575,0,收到货看到前中那个钮扣都掉了，差差差！！！！
50713,1,外观很漂亮，键盘也很漂亮，屏幕虽然不太鲜亮但是没亮点。唯一让我半夜失眠纠结的是XP驱动真难找 T.T
60291,0,入住了几次，总体感受是服务真的很差，尤其是前台接待人员，完全没有星级酒店服务人员的基本素质和职业道德，差、差、差！！！堪称上海最差的星级酒店！
8639,1,目前用着没问题，可以
50313,1,性价比超高，虽然是DOS系统，但是本本的配件驱动给的十分齐全，XP和VISET的驱动都有，简直是奇迹！
55770,1,春节期间去住了3个晚上。第一天前台给安排在2305（大床），房间在同层是最小的。第二天在我的要求下换了。总的感觉硬件一般，较旧，显得房价偏贵。房间地毯不少斑迹。酒店位置不错。服务很好，早餐也还可以。
5968,1,超值，超长待机，系统稳定流畅
55680,1,"总体来说,在上海这样的大都会,海"
49590,1,机器小巧轻便，感觉很皮实，经常出差就能感受轻便的感觉太爽了，无线上网用起来的感觉真的太棒了，在家可以用免费上网，信号还不错，正考虑是否取消宽带
44364,0,很薄，软绵绵的，颜色很不符合，不值得
1,1,作者真有英国人严谨的风格，提出观点、进行论述论证，尽管本人对物理学了解不深，但是仍然能感受到真理的火花。整本书的结构颇有特点，从当时（本书写于八十年代）流行的计算机话题引入，再用数学、物理学、宇宙学做必要的铺垫——这些内容占据了大部分篇幅，最后回到关键问题：电脑能不能代替人脑。和现在流行的观点相反，作者认为人的某种“洞察”是不能被算法模拟的。也许作者想说，人的灵魂是无可取代的。
51308,0,估计是太亮的原因，眼睛疼，担心是雪花屏，调暗点眼睛就舒服了。 机箱比较旧，机箱标明出厂时4月15日，电源线方面甚至有一根没包装，有点怀疑是返修机。电池在使用过程中只能显示百分比，不能显示剩余时间。
45125,0,裤子质量差极了，布料跟麻布一样
32633,0,产品如何，暂且不评价，一直在京东购买商品，看中的是自营物流快，这次中间环节出错误导致晚了两天收到货，收到的包裹包装是多垃圾的，此次购物真的是差评。。。。
60180,0,不好 不好 不好
24467,0,买了三个，吃了一个，不怎么甜，口感不好，隔了两天，其余两个全部坏掉了，这是什么道理，不新鲜，个头也不大很小，相当差劲的火龙果。
4070,1,很好，支持国货。。。
31794,0,洗发水是假的，用过以后头发干燥，头皮屑变多了。一直用的都是清扬，只是第一次从京东买！真失望
60142,0,1.价格不公正，明明携程网上写的是￥200，结果住了一晚上第二天结帐时被告知￥390元，而且，预付订金的时候也没人告知价格，付订金时根本无人告知，只知道收钱，收钱时小姐把钱从客人手上抢过去。2.没有早餐，入住时携程写的双早，结果被告知早餐要￥10元/人。3.房内标明有桑拿足浴室，找了半天没有找到，问到前台（自己找下去）被告知桑拿足浴室根本没有设立好。4.卡拉OK室价格不公正，￥280元/场/人，和上海的歌城在黄金周的价格一样。5.酒店没有好路，一路上颠簸进去，结果车子费油不说，离合器还差一点挂掉，路上没有一个指路牌。6.奉劝广大住客，在和携程网确认价格之后，要再打电话去酒店确认价格，因为携程网上价格和酒店价格不同，相差甚元，不知携程如何更新他们的资料？
7354,1,可以。。。。。。。。。。。。。
53243,1,大楼很漂亮。价格不便宜。其他一般。就是索菲特听起来很牛。
48520,0,严重粘毛。什么情况这是。特别容易脏…
42826,1,裤子质量蛮好的。蛮喜欢这条裤子。下次还会来的。哈哈
31154,1,宝贝收到了，京东物流就是快，刚刚用下，很好用，，
4152,1,感觉挺好用的，就是屏幕小一点，有时候触碰不是非常灵敏，刚用具有些卡，但是活动时买的，这个价位就不错了，可以。
44961,0,挺差的，会起毛球
15309,0,"质量太差,不到一年两块电板都不行了,一接电话就自动关机.当时还在保质期,那儿的工作人员也检查不出什么来,现在过了保质期,坏得更历害,只能当手表用了.而且按键也不灵了,外壳也掉漆.我的天,一年半都还有,我只好换手机了."
212,1,这是一本非常具有启发儿童想象力的一本好书。小毛毛虫每天吃的东西上都会留下一个生动的“洞”，这对孩子来说充满了无限的新奇感和想象力。我想这本书非常适合两岁左右的孩子阅读，我的宝宝还不到两岁，刚开始看这本书还没有感觉，因为对书前的那片具有梵高特点的抽象彩绘没有什么反应，可能是之前看的图画书都太中规中矩了，对外国画家的具有浓烈色彩感的著作不太适应。但是我已经看到了它的巨大的魅力。力荐。
48709,0,衣服太大，两个我都可以穿的进去了
32966,0,买完之后降价了，，，心里不舒服。。。就是不舒服。。
10492,0,太卡了，真是一分钱一分货。华为就是一烂货。。。光预装软件就把运行内存占满，卡的死死的。
6970,1,买来给90岁老人用，很好，很满意
26594,1,包装可以挺好的，买来送人的，没有什么损坏，大热天的辛苦快递小哥了!哦！速度也是挺快的。使用效果应该也不错我一直都用沙宣，
41354,1,第三次买了.好评.质量好颜色正，卖家推荐码子合适，
16200,1,自从有了京东，家里两个冰箱每天都是满的，每天一醒来就是烦恼吃什么好，东西太多了。难道这就是幸福的烦恼？
32695,0,我晕，买的时间*买完后*这价格，乱标价，以后不要相信打折了
29492,1,一如既往的支持，日期也很够，可以用好久了
32525,0,用完之后好多好多的头屑啊！！！！！
47951,0,产品很差，太大，变形，怀疑是假货，还不给退，
2995,0,破书啊呸，真是一本破书，孩子看了直接吓哭了。大卫画的跟骷髅一样。
42824,1,裤子还可以，只是前几天为了用店铺优惠券一下买了三条裤子，算下来还比今天的活动贵，不开心！！！
60444,0,很普通的酒店，好像旅店一样
30332,1,我现在最喜欢的洗发水，特别好用，虽然相比其他有点儿小贵，但是也值。
49597,1,犹豫了很久，终于下决心买了。外观挺漂亮。附带的操作系统也漂亮。总体感觉不错
34197,0,是不是假货？好像跟超市的不一样呢！
19857,1,近来一直在京东上买水果，口感好。
23576,0,太差了 还没有我的拳头大，一共20个，千万别再上当了
43857,0,穿在身上掉色严重，连续盐水泡了1天洗了之后穿身上还是掉色，质量真的差，差到家了
53574,1,"房间还不错,装修设施很不错,可惜装修设计太一般,服务一般,门童比较懒!"
1098,1,钱德勒的书，本本都是真正的精品，给予任何高的评价也不为过。所谓真正的艺术，是存在的，比如这本书。文字上行云流水般，酣畅淋漓。情节上出神入化，丝毫不牵强造作。意境上松弛有度，回味悠长。这样的书，读来令人心旷神怡，不舍放下。比喻用的鬼斧神工，充满智慧。这就是艺术品。中国的作家/作品是属于农村的，钱德勒的小说是属于城市的 --- 这是王朔说的话。
55960,1,员工服务好，房间舒适如家，硬件设施应有尽有，保持。
47140,0,一个星期多才打电话给我说到了，真的很气人，玛德衣服都没见到就给我签收了，直接不要了，一星都不想给！
7343,1,不错儿子非常满意喜欢
26448,1,套装更实惠，去头皮屑的，全家都可以用
16780,1,苹果的外表比较新鲜，比较脆，不过不怎么甜
21371,0,上面几个是烟台苹果，吃到最后几个就不是了，这还真是有心了
25931,0,老实说，东西口感还可以，但是品相特别差，而且几乎是每一个都这样，我在别的地方上买的，除了快递慢点，比这个好太多了
11420,0,还没用，不晓得
50675,1,性价比很好，优点大家都说了，不再赘述。 各位如果想用XP一定用SP3的，所有的驱动都涵盖了，不用上网找（可能会出现一些细小的不兼容）
47897,0,掉色 拿回来手上都是黑的 洗了几遍都还是掉色，买回来一个多月了没穿过一次，对于这种裤子也就只有在网上买！店主的良心被狗吃了？???
47231,0,一般般吧 不怎么透气
37582,1,看我是有多支持家乡产业呀！从早上到现在已经是第二盒了！而且不偏不倚 喝完蒙牛喝伊利！ 这冰牛奶真是喝的我冰冰凉透心亮啊！
48759,0,垃圾衣服，洗衣机一洗都是毛，把所有衣服都整上毛了，怎么都弄不下去
29618,1,刚收到宝贝，还没用；看着跟实体店一模一样，一如既往的信赖京东
29445,1,很好，很舒服，清扬就是好用，谢谢老板，希望一直好用，好好好好好好好好好，快乐
11938,0,还没收到货时价格就降了，然后第二天又降了一次，第三天价格又不一样了，然后申请价格保护还被拒绝。该产品触屏反应较慢
35136,0,用过之后头皮发痒，有头皮屑之前用其它的也没这样很失望的一次购物！
24800,0,箱子上贴着 生鲜冷链 实际上压根就没有！直接常温下送来的！打开盒子 明显里面的火龙果的包装袋都是水 还烂掉了一个 另外两个还能凑合
52685,0,华硕做工有待提高，键盘中部略微凸出，不影响使用。 其他暂时没发现什么。
23586,0,苹果比之前吃过的烟台苹果差多了，不知道什么原因
27198,1,非常超值，价格还比现在优惠，然后包装很好，次日达非常方便。
58881,0,一楼极度多蚊子，点了蚊香一晚还是被骚扰得睡不着！！！！！登革热这么厉害的时候如此多蚊！
35324,0,京东第一次差评，洗了头发干，毛躁，头皮痒，用了一次就扔了，不知是劣质品还是我不适合洗发水。
51973,0,比想象中重点，不大适合女生携带，asus官网没有此款XP驱动要自己找
10339,0,很不满意，之前买的送了好多东西，现在什么也没有
15022,0,"我的机子出问题了,噪音很严重,感觉是mic松动了,翻盖轴也松动了,照相功能不想说了,同仁们有目共睹,现在已送机去KF那边了,唉,过年决定换机"
40645,1,裤子的款型很好看，面料摸起来不错，穿起来很舒适
61026,0,设施旧了，早晨结帐打发票死机，也要更新一下了，到最后我的发票寄给我。晕!！
45240,0,衣服不怎么样 穿了一次就没有穿了
22450,0,这苹果放到市场我绝对不会买的，也就是包装好点，还有坏的，下次不会买了！
47461,0,衣服质量不错，款色也不错
40441,1,这条裤子简直帅的不要不要的，想买的帅哥下手吧。哥已经试过了
35069,0,用了快一个月了，自从用了头皮屑成片成片的，估计是假的，还卖这么贵，坑人！
22537,0,太令人失望了，苹果特别小，质量不好，大大的失望。
35173,0,差评 买了几件商品我好歹花了*就不能给个包装吗 就算是拿个塑料袋包起来也行啊 什么都没有 我怎么知道是什么时候生产的
42378,1,牛仔裤大小合适，穿着很暖和，卖家服务态度好，相信京东商家
27461,1,一直用沙宣看这次有活动，就买了一个套盒囤着，很信任京东满意，赠送的试用装三个洗发两个护发旅游短期带着非常合适！
14910,1,这手机外观真的是太漂亮，如果你看到真机我觉得你一定会爱上她的美！而且屏幕我觉得颜色也很鲜艳！还有个就是从她缺点里找到的一点好的方面。那就是发信息！~因为它支持一次性输入多个拼音让你像打智能拼音一样方便，在以前的手机里这个输入法我觉得很实用，也相对来说信息慢点也有值得有用的一个地方了~128M的内存虽然我觉得不大但是我觉得一定够用，因为以前我的3230是512的内存卡，我装了N多东西也才用个200M而已。所以我觉得128M的内存这个缺陷并不能算是缺点。毕竟如果她也换成512M的内存我相信她价格就会上去不少！
27828,1,比超市的便宜几块钱，还有就是多送了两个小支的，用小支感觉还好吧，性价比不错！
23416,0,买到家已经烂了！！！太差劲了，直接扔了，是不是卖不出去的都拿这里来卖了！
15635,0,第一：设定了“按任意键接听”后，有时候来电话了任你怎么按也无法接听。第二：数码相机按键比较容易被误碰开。第三：使用指南里介绍的数码相机“闪光灯”这个词比较牵强，应该称为是“照明灯”。因为它不具备闪光灯的功能，根本就不会“闪”，只能照照亮而已。
6168,1,还不错，买给老爸看电视的，足够了
23660,0,北京到济南，烂了，一摸粘糊糊，要求退货
23412,0,苹果生，发涩，大小不一，不好吃。
29487,1,嗯，还可以吧，这个洗头膏嗯，生发的效果还没看出来，因为我刚用了几天30天，然后反正洗头，洗完头至少不油了，完了之后，嗯，就是价格有点贵了
24421,0,唉，这是单果450到500？？这么贵这么差？？？
55667,1,是一个别墅式的温泉，非常清静，服务也不错，性价比较高。就是交通有点不便，同时一定不要选一楼的房间，因为潮湿有一股很浓的味道。如果是单独旅游，最好的办法是包一辆出租车，一天才150元，还可以请司机介绍景点，上次我请了一个出租车，人不错，我介绍一下大家认识：李志宁13988505869
54309,1,早餐与价格有较大差距，服务也是平平．但在离店时，发生的一件事感到很温暖．回京后发现自己的白金脚链落在了客房，当晚２２：００致电给酒店的大堂经理，次日，就收到了快递回来的链子．很是感动．虽有开始提到的不尽人意，但暇不掩玉，再去大连应该还会考虑在此入住吧．并借此感谢为寄回失物的工作人员表示感谢．
29131,1,刚收到快递的那天晚上就用它洗了头，感觉不错
46493,0,买加绒的给我邮夏天穿的，骗子
16164,0,"会自动关机,质量不行"
30004,1,京东618活动买的，价格非常给力。就是送的慢了些。
27380,1,还没使用，物流速度挺快的。不知道效果怎么样？？
26661,1,收到东西候里面竟然漏液了，还有虫子
4183,1,促销买的，价格实惠，用着挺好的，
44525,0,掉色～无语了～～～～
27116,1,感觉不错新包装，看起来像真的。量还可以啊！
26816,1,感觉是**货，早上用了一次没有任何味道，买滋源的第一它是无硅油，第二它的味道很好闻，现只是纯色透明的粘稠液体。怀疑是**货。。。一段时间没在京东上买过滋源了发现这次洗发水瓶子外面有了一层塑封膜 方便运输吧。从来都是对京东无条件相信现在开始怀疑了。。。要不再继续用用 追评
41305,1,超级好的裤子，质量也好，特别修身，还很显腿长，物流也很棒，卖家态度也很好，没有色差
9800,0,自从使用了智能手机以来。一直都是使用华为的产品。但这个平板实在垃圾的要命。信号差，通信录经常死机。要重启才能查找联系人，性能差。
48041,0,遇到一家黑店，和一个没心没肺的客服，建议别来买，谁买谁后悔
16502,1,在京东买了好几次水果了，这次是为了凑单买的，结果真的是失望，很小，吃了好几个苹果了，全都是核烂了，黑的，没几个好的……
41802,1,挺满意的，大小合适，很满意的一次购物
57624,1,定了三间标间，入住时发现被安排在二号楼的底楼。进去了感觉不错：宽敞，清洁，无异味。最让人满意的是：整个晚上几乎听不到外面的声音，真是安静。山庄地理位置合理，到灵隐，太子湾，西湖苏堤，虎跑等地非常方便，处在这些景点的中心。环境幽、雅、静是主要特点。好了不说了，再说就会被怀疑为托了。
24449,0,有破损，快递员拒绝验货！我找谁？
34295,0,都特么漏了，瓶子粘糊糊的，口松了，里面的东西流出来了，太恶心了，也不知道过期没有
18356,1,昨晚买了两箱今天到了打开看果子还是挺亮的    不会失望
211,1,这是一本非常有益的工具类书。尤其是在当前经济全球化的前提下，中国的金融机构仍显得单薄，金融产品也比较匮乏的情况下。当然，考虑到金融风暴的因素，金融衍生品的推出和相应的监管都要慎之又慎。然而，既然不能因噎废食，即便是为防范风险，也要多了解世界成熟金融机构的管理流程，所以此书是比较经典的选择。
708,1,我也是看了评论才买的，一买回来，儿子就拿起荒岛历险来看，非常感兴趣，问他为什么好看，他说是故事内容，里面的数学知识有些还不太理解，说以后慢慢来弄懂，于是我也看了前面一点，有些数学知识是奥数内容，三年级的孩子还不太懂，但却愿意把书看下去，说明故事内容还是很吸引他的，感觉不错，买来后理了下，二十七本书分别是写给少儿、中小学生、中学生、青少年和数学爱好者的。
20314,1,物流快，东西是正品，信赖京东。
40776,1,宝贝收到了，物流很快哦，喜欢的小伙伴们可以购买了，下次还来，衣服质量也很好。
22835,0,一点都不新鲜 不知道放多久了 不靠谱
28247,1,套装比较实惠吧，买一次可以用好久，大桶多桶够用一阵了，价钱也还很实惠哎，一直喜欢在京东买东西
45343,0,尺码不符，偏大
45675,0,不行，洗了一次就掉色了
59336,0,房间陈旧，水壶换两次才可以烧水，周边吃饭地方很少，离盘山景区一墙之隔，性价比不高
29892,1,还可以吧 一直用这个牌子 就是便宜 真的厉害
6575,1,还行 物流很快
17085,1,不错苹果新鲜，清香甜脆，不过老妈说还不够甜，可能还没够熟吧，很幸运没有坏果。包装完好，物流速度较快，快递哥还帮忙验货，点赞。
11084,0,这机不怎样，分辨率低，第一台系统出现问题解不了锁，换了一台屏幕发黄，屏幕明显漏光，1星是给京东商城的服务，服务真的好，退换都很快，有专人跟进
17200,1,华圣苹果，香，甜，脆，非常可口，是至今为止，吃过最好吃的苹果。苹果的包装非常仔细，非常好，没有一点碰伤，苹果非常新鲜，感觉就像刚从树上摘下的一样。反正非常不错！
18288,1,菠萝已经有一股沤味了。苹果没什么。但就算不要这些东西我也要投诉这个快递 平常体谅快递员辛苦，所以可以去楼下取包裹，但这不是作为买家的本分。因为最近快递多，还记得买了两样水果，怕很重提不上来，打算要快递送上门的。所以电话里问他是什么东西，重不重，他说不知道，不重。于是就要他放在自取点了。请问两箱水果外包装全是生鲜两个字没看到吗？贴纸上面还写了需冷藏。你觉得两箱水果一箱书不重吗？如果我今天不去怎样 两箱水果馊掉你也觉得和你没关系是吧？我真为生产这个菠萝的农夫感到心疼，心痛他粮食就这样被快递糟蹋。
61329,0,苏州五一的交通太差了，酒店位于老城区，去哪都塞车，酒店附近吃饭的地方也不多，服务非常慢。环境倒是很不错的， 背后的景区可有可无。
11376,0,外观还不错，做工也是一流，唯一诟病就是横屏基本没用，主界面能关闭自动旋转，可到了程序界面关闭了自己旋转也还是该怎么转怎么转，拜托，这不是手机，这是平板电脑，横屏用的多啊，一分是给华为的不是给京东的
10836,0,与介绍不太符，屏幕分辨率太差，总之一句话就是太亏了，后悔买了，要不是过年了没法退我就一定退货
15870,0,1.显示效果一般。2.只支持无声视频拍摄。3.软体兼容性和运行速度不能令人满意。4.没有提供内置的短信存储空间。5.铃声播放效果实在差强人意。
2729,0,"网上随便看看也就算了,印成书发表实在有点无聊.可笑的是我居然买了."
2253,0,"这本书里面的搞笑的根本就是假幽默,一点也不好笑..........可以说很无聊"
41401,1,宝贝收到了，质量特别好，很满意，下次还买
44429,0,太长了。想退货
60691,0,订了两天，硬说一天，给的房间也是离大门十万八千里
35098,0,差劲，洗的我头痒，一直在抓头，不该买的，无语了
2868,0,"书的质量很差,味道也很大.看一会就眼睛疼"
2368,0,有些大男子主义，看起来，心里很不舒服，人应该是独立的，为了维持婚姻关系，而总是以对方为中心的生活，早晚会迷失了自我。
59090,0,房间临街，隔音很差，加上外面施工，吵得很！房间门锁似乎有故障，插入门卡显示绿灯但就是打不开，服务员的门卡插进去马上就好了。由于只在携程定了1天，临时有事要加一天，前台办理时不爽快，第二天总是催问何时退房，很烦。
9291,0,啊～啊，刚拿到想要竟然发现右上角磨损了，这可是刚收到的货啊，难道是被人用过的？差评极度差评！
46877,0,一看用料就知道是假货
30975,1,买了两条满减用了很合适，比平常更加划算了！味道闻着也很好，不是太香的味道，物流配送快师傅态度棒棒哒！
17547,1,买了两次了，跟图片差不多，秒杀的便宜点，好吃！
61042,0,前台服务态度不好，问担保金怎么退。把我说了一通然后责备携程不跟客户说清楚又要让她们解释，退房的时候笔直接丢到我面前，服务质量非常差。比较温馨的是有机场接送。
43772,1,很满意的一次购物，一个字，好!
61181,0,"硬件和软件都一般.打出请勿打扰的提示,还有服务员早晨来敲门.枕头和床都不舒服.下次不会再订"
62098,0,房间很小，装修太差，电线全部裸露在外面，脏，不是一般的脏
22838,0,烂的！边吃边看电视，觉得味道不对劲，隔夜饭都吐出来了??????
47927,0,裤子送来有损坏
31909,0,不好太差了我洗了头皮屑好多?
46572,0,掉色太严重了，这个品牌出现这样的情况太失望了
39583,1,裤子到了，质量杠杠的，穿起来很舒服，而且也很挺帅气的。而且店主的服务态度超级好，对这次购物很满意，已经推荐朋友购买了
2228,0,这本书我购买了，当当没有给我送到且没有任何解释！！！！！ 、、、当当，差距还是挺大的，
47358,0,挂羊头卖狗肉，订Lee它给你发什么丹特公子
27577,1,不错，包装好，送货快，还没试门用，看着应该不错吧
47693,0,裤子漏线。有个动。质检员该换了
5764,1,挺好。。。。。。。
11361,0,手机一般般，没想到的是下单过几个钟头后就降价，问有没补差价，客服好像一个只能问一次，在问又换客服，所以一点结果都没有，失望!
24604,0,真的很差劲！不黑，包装那么追求，有毛用，吃盒子吗？里面的品种都有不一样的，最恶心的是好几个都是坏的！完全样子货，拿去送人的话，肯定被人骂，卖水果就好好的追求水果品质，别搞那些华而不实的！
26899,1,哈哈，可以用很久了，送了三瓶小瓶装
5767,1,还不错很喜欢
57959,0,"提早预定的房间3间标房4夜，到了酒店,看样子是个刚改造的样子,很多地方还留着小旅馆的舍不得仍掉的破烂东西(后来问了说是新加盟的格林豪泰,管理和服务还是一起旅馆式的),前台时被告知酒店没收到定房通知，等了2个小时，安排了大床房先住，到房间一看，房间小的可怜，行李没地方放，问前台说是一样的，没办法了先挤吧....晚上回酒店,前台告知有双床房可以调,赶快全部调换,没想到悲剧开始:1:新装修房间,还是很小;2:卫生间门不能锁,用着用着,淋浴头开关掉了,毛巾架也不幸掉了;3:隔壁房间说话声音听的很清楚;4:门外有个抽水电机,日夜的突然的叫,音量和音质保证让你整夜失眠乃至神经衰弱,找前台(房间里面没有电话机)说就是这样,没办法,先忍着吧....;4:到餐厅吃饭,1/4以上的筷子长绿毛,服务员吗,一副见多不怪的样子.....有幸看到这里的伙计们,建议你们去住边上的一个锦江之星,这种地方,千万不要进去"
8213,1,好用，华为值得信赖，就是贵点，通话版
54591,1,交通方便，服务也满意，周围环境也不错
45357,0,这衣服，这质量，真的很差，严重掉色。对这衣服超不满意。
52837,1,环境非常非常好，庭院式小栋别墅，虽然说酒店年限很久了，据说92年就有了，房间略小，但是服务、环境都绝佳，强烈推荐，绝对安静。唯一不好的是电视，最早的那种21寸彩电可能，我住的房间没出问题，朋友的房间进去电视不能开，找服务员，服务员很快搞定。数字电视的声音变化很大，这个频道正常声音，换个频道能吓死人——欧洲杯，凌晨的声音，唉，隔壁的那个……
3557,0,读了，没有太大的感觉，太一般，可读性不强．
40529,1,穿着也很舒服 很喜欢这个颜色和款式 满意哦 好评
38200,0,别拿无知当无私 这种陈列方法没错 另 抵制蒙牛
16133,0,拍照只提供一般、室内、室外及夜间4种拍摄模式，有些单调；而且照片效果也一般，朋友拿着的不到一千六的手机，也比我的清晰。而且，原装配件也只有一个锂电池，连座充都没有，数据线什么就想都别想了。短信容量大是大，可不实用;电话薄项目也多，可实际使用时，我也就用个前几条。如果把这些“多余”的换个MP3功能、蓝牙或者手写功能，或者把像素值高些拍出的照片耐看些也行！总之，对它不够满意，外观也没有活力。！
5690,1,感觉还不错吧。昨天买的今天收到了，看着挺喜欢。
48942,1,样子蛮漂亮，女朋友很喜欢，对她来说性能也很好了。性价比很高。现在笔记本真是白菜价啊。。。
28165,1,重要的事情说三遍：挺好。挺好。挺好。
5731,1,第二部了大屏耐用。华为真不错。
17366,1,苹果包装漂亮，味道比较甜，但是一吃就知道是去年的苹果，整体还不错，也算对得起价钱
24502,0,618减300的券，今早0点开始点，点了20几分钟，明明有券就是告诉我要排队不能兑换.是你们系统问题还是我活该点了20几分钟都点不到券，半年时间买成钻石用户，今天凌晨0点不睡觉就点你们家券了，太失望了，没有合理解释我就京东封号，在也不来买了
49976,1,性价比 比较高 喜欢15寸的感觉 硬盘160G也够用了 还配置了combo 公司的同事也很满意
34986,0,在京东购了这么长时间的物，这一次是最差劲的，就无语了！包装损坏，洗发液溢的到处都是！
39164,1,给男朋友买的，质量不错，用这个钱买太划算了，去实体店得一百多呢，给好评，希望店家生意兴隆，快递服务也不错哦。
50499,1,银色的触摸区很时尚，视觉上本本显得要娇小些。机器配置比较强大，个人办公足够用了
30887,1,还可以哦?。蛮实惠的。用了一次，还行?
56410,1,"总的来说对厦门宾馆感觉不错.我们订了8号楼一间大床房(15层), 一间双床房(11层),总共住了6个晚上. 房间比较宽敞,硬件设施稍显陈旧,例如灯光的开关控制感觉不是很方便智能,其他方面还好. 服务员都彬彬有礼,给人训练有素,温暖热情的感觉.早餐品种还算丰富,我个人比较喜欢面线糊, 鸭肉粥. 牛奶豆浆刚去的时候感觉味道淡,提了意见后有明显改进.3层的中餐做得很不错,包间服务很好,我们那天是一个很年轻的男服务生,却非常细心周到妥贴.周围环境很好,3号楼是泰国领事馆.交通便利,打车去轮渡8元+1元燃油费.总之感觉宾馆胜在服务和环境.相比之下,去鹭江宾馆的6层用过两次餐,可能是生意太好的缘故,有些服务员很不耐烦,态度生硬,让人感觉很不舒服,虽然小吃做得不错."
54487,1,"早餐丰富.服务人员态度不错.但是入住时发现卫生间有积水,housekeeping 来检查未有结果以为是我们的小孩子搞的,心情落差.擦干后半小时内又有积水,他们只能叫维修人员,原来是水斗的一个接头坏了.口头对不起.check in & check out比较快.Italian餐馆味道不错,服务很好.价格跟上海差不多.4楼海景不够好,应该往上层更佳.去海港城和广东道不够方便"
1841,1,本以为男孩子更喜欢昆虫的书，看到那么多好评，抱着好奇的心理买了，结果我惨了：每天女儿都缠着我给她念虫子书，一个故事念完差不多要半小时，我嗓子都哑了，她很喜欢。有时候兴起，她会和我玩角色扮演：比如我是爱唠叨的象鼻虫妈妈，她是任性的象鼻虫老大。。。，角色互换着玩，乐此不疲。到现在已经读完3本了，每次念完一本她会比着后面的介绍，跟我说：妈妈，我还没有这一本，下次给我买第4册。。。
6319,1,做工不错，就是黑框大些，总体还行。
26748,1,送货速度快，性价比高，商品不错，值得购买。
44476,0,垃圾不用多说。。。
35147,0,很不好，洗了第二天头就痒，
57404,1,"我这个周末(11月10-11日)入住了这家酒店,住的豪华间,整体感觉不错,可就是浴室只有淋浴,而且空间太小,另外房间隔音功能太差,走廊的吵声,房间听的清清楚楚,影响情绪.在结帐的时候碰到同样在携程订的这家酒店的漂亮MM(感觉超好),她住两天,房型和我一样,可价格似乎不同,由于当时赶飞机回北京,没有仔细了解(只是在前台结帐时随便聊了:你也是携"
11749,0,屏幕很不清晰，连几百的手机屏幕都不如。而且送货时由于家里没人在家，快递直接将包裹从窗户里扔进来的，扔了五六米，也不怕摔坏了
14733,1,自带内容丰富完善；外形可爱别致；可以作为女性化装镜的用途，只要在待机的状态下屏幕背景灯自动关闭后，屏幕的镜面由于采用了高反光度的材质制成，所以反光度极佳，的确能够充当镜子的作用。
62506,0,"我是四月十三号入住的,挂牌价是258元,经询问服务员才知道携程价228元是扣去早餐费30元得出的.服务态度不冷不热,通知六点叫早,竟然等到六点半才叫.浴室的门打开后人根本没办法进去,水是忽冷忽热,一个澡洗下来,居然洗的皮肤烫伤人又感冒."
14769,1,"这个小灵通好是好啊,但偶买了一个才400多项式块钱这也太贵了吧要600多,"
44068,0,不到一周就烂了 ，质量太差
56727,1,大堂挺宽敞的，房间里就一般了，倒是干干净净，床住得还算是舒服，洗手间挺紧凑的，价格没什么优势，不过在徐家汇这里，价格低的酒店不好找啊。跟旁边的建工锦江差不太多，交通还比较方便，离地铁大概走路15分钟的样子，如果天气好，可以去徐家汇公园散步。
26666,1,这次买的还没用，以前用过这牌子，不错！
48427,0,发货速度有待提高
28354,1,活动买的，特别合适，而且很好用，下次还会继续光顾，老妈特别喜欢的一款洗发水套装。而且，还有赠品哦。
38075,0,一定要保证最好的送给国际友人，港澳台同胞，把最差的留给百毒不侵的“自己人”。蒙牛，真的只是蒙牛，而不再蒙人了！
44054,0,买的是蓝色，既然发给我黑色。难道发货的是色盲吗？找客服也不理人。衣服还行吧不想换了太麻烦。以后不会再网购了，失望
9270,0,分辩差画质不清晰
2347,0,"于丹所说的很多内容都在误导大众,看看网上的很多评论就知道了,个人觉得不值得去看!!"
11375,0,感谢二*手*东在下单一个礼拜之后终于收回了一个二手平板，然后立即邮给了我。感动的快哭了。二*手*东，你值得拥有。快递小哥是无辜的。
20821,1,评价就是为了豆子豆子豆子评价就是为了豆子豆子豆子评价就是为了豆子豆子豆子
11142,0,平时也不怎么用，刚买第20天就出现阴阳屏了，打客服电话说是等专业人员答复，说是正常7天退15天换，意思就是我是能修了呗！我这个心呐！！！真是京东如新闻所说吗？等他们售后答复后继续评价！
50735,1,优点： 不错的本本，就是屏幕小点 不足： 不错的本本，就是屏幕小点
58723,0,酒店接送车辆破旧，充满烟味，司机和前台服务差到极点，多问一句就出言顶撞，而且担保预定入住2间房，随后她们失误跟携程说只入住一间，给我添了很多麻烦，建议大家可以预定锦江之星一号店，服务和房间超级好。
30239,1,是正品，特别便宜，买买买，物流特别给力，今天订的，明天就到了，啦啦啦，，，，，，
44771,0,差差嚓擦差差
32726,0,这不是真品，，扫二维码可以辨真品。
50883,0,有一个色点。在左下方，不是很明显。还有键盘上的右边Shift键设计不好。太长了。比回车键占的位置还大，经常容易当成回车键来按错。没有Express口。有点发热。声音有点小。
716,1,我想我是爱孙波的。。。她的爱那么简单，那么炽热。我想在她内心的最深处，爱的那个人依然是小浪。。。有波就有浪。。。有浪就有波。很经典。。我拿着这本书。认真的读每一个字。她们的爱恨情仇。我想如果再来一次。她们一定会在一起。虽然从头开始一直充满着悲伤和坎坷。但是，始终都能感受到她们的爱是如此真实。。。。
17208,1,苹果还可以，家里人挺喜欢吃的，个头也大，水分足，还很甜！
21927,0,差评，三天到货，十个苹果，坏了两个。
10823,0,"京东太垃圾了,3天降了400,真是服了!"
26901,1,终于到货了，一起买的洗衣粉昨天就到了。拆开看了一下，包装很好，日期也很新，就是发膜的日期是2016年9月份的。还没用，不知道效果好不好，用过之后再说。
5225,1,送货速度快！
14176,1,小巧，适合女孩，像个小玩具一样，手感好
5269,1,给家里老人买的，试用了几天，挺顺手。
59157,0,住在这里我一句话都不想说！之前都还没有这样！吗的，现在凌晨三点！打死五只蚊子！咬得我一脸包！sb酒店！杂不去死？
47273,0,还没穿，扣子就掉了！！！！什么啊！！还特别特别薄！冬天怎么穿
10352,0,真不怎么样，真差，差，差
8041,1,平板不错，速度也很快！没出现拖影！！！
57399,1,这是我第二次入住瑞和园了，两次都是住在二楼04的房间。这次还发现房间新添置了一台联想电脑，非常体贴周到！400元一晚的价钱，还OK吧，对于背包客确实有点儿贵了，可对于那些希望静静休假，不被任何繁琐干扰的朋友们，我觉得是值得推荐的！来到丽江，住在瑞和园，每天都只呆在客栈看书喝茶已经值回票价了！下次再游古城，不用带电脑了，我想我还会继续选择瑞和园！
12657,0,太大了，且并没想象中那么好，拿来就升了N次级，且死过两次机，屏幕莫名其妙的就亮着，电量也不怎么像5000毫安的
30805,1,感谢京东商城、让我们能买到既实惠又正品的东西、味道不错、洗上也不错、祝京东商城越办越好……
23219,0,12个有10个是坏的，每个都有很多戳破的点点，这些小孔很多开始烂了，真像是老鼠的牙痕，大家看图吧，这样的货也能发出，跟客服反应让我退换货，这个退回去接着卖吗？网上买就是图方便，谁有陪你来回玩
60550,0,晚上竟然停电!!!房间还可以，结帐时竟然不返还预授权时签字的单据，跟他们要时，好象哥伦布发现了新大陆!!!!!!请问我都已经结帐了，你们还保留预授权的单据做什么!!!!!!
14190,1,我用这款手机了，功能，画面都挺好的。
53343,1,"位置好,不错,挺干净舒服,价格也合适,去西安旅游推荐"
21977,0,不好。太小。也不脆，以后不会在网上买水果了，第一次在网上买水果。很失望！
7651,1,包装简单低调，机身完美，手感佳，硬件配置过得去，就是内存太少，建议扩展内存卡。系统算流畅，屏幕灵敏度过得去，最大的亮点是音效，sws确实效果不错。拍照的话很一般，后置凑活用，前置很渣。另外吐槽一下大黑边，丑到无底线，总体来说还过得去，如果大黑边能解决，那在这个价位就趋近于完美了。
10789,0,刚买的平板，充电器无法插入平板充电，只能用我华为手机充电器给暂时充电，要求京东和商家更换充电器，互相推诿要我把整机退回去维修，平板我微信等等都已安装，只是个充电器有问题，要求更换个充电器，竟然如此推诿扯皮，给差评，伤心啊?
56396,1,的确像很多网友说的，硬件设施不错，但服务太差！只能有招待所的水平！前台小姐听不懂chick in 是什么意思，没想法！因为我的信用卡不是国际卡，所以没有visa或master的标志，竟
4595,1,M3除屏幕在移屏时拖影严重点外，其它都不错，系统流畅，声音很赞，看片很不错。
3191,0,可能中外文化理解差异，可能与小孩子太有代沟，不觉得怎么样，还是比较喜欢水墨画一点风格的漫画书，但愿我女儿长大一点能喜欢（22个月中）
15725,0,1.系统并不稳定，有时会出现死机现象； 2.内置游戏仅有一个，且不支持JAVA技术。
1096,1,且不提它的字和画的排版，看起来那么舒服，光是那纸张摸着都觉得感觉很好。很久就知道有这本书了，这回是想送给朋友的孩子才买的，送之前自己就先看了。这一看不要紧，居然让我看着看着感触颇多，而且不知道该用什么语言来描述自己的感动和感悟，我只知道，看完一遍居然有一种心灵被洗涤了一次的感觉。但愿所有的人都能从书中得到最美的享受并唤起自己心灵深处的那份淳朴的不加修饰的真善美！如果那样的话，我们的社会一定会更加宽容和谐。
48209,0,太差了，跟图片上一点都不同
1034,1,上周，正巧碰上同学会。这时我已订过，但还没收到书。其中的一位功底很深，我就不失时机地问了南氏的情况，其实我很早也想问的，但不好打搅他。按他的说法，南氏在国内的学术界并不怎么认可，因为他写文很随意，不怎么苛求学术之道，如引述错误很多等。但此人倒是修养很深，打通古代中国文化，他家也有几本他的说，确实不错，反正我也不是搞学术的，建议我还是能买些看看。
10273,0,说真的，连膜都没舍得送一张，真的嘛，不想多说
48357,0,颜色很正没有色差的。和卖家描述的一样！
47669,0,裤子质量那不是一般的差，跟图片完全不符。穿了一天就起了好多的坨。太差了。
12255,0,这个屏幕分辨率真的不行 看的眼睛疼 其他到还好 但是这样我都不敢用久
26699,1,很好用，感觉比较浓缩，用量不用太多即可
38104,0,拒绝蒙牛很久
702,1,我一直以为世界首富是比尔&#183;盖茨或沃伦&#183;巴菲特，现在我才知道哦啊世界上还有这样一个隐形的真正世界首富，而且他们还与世界历史上许多战争和金融危机有关。原来世界史还有这样的一面，真是令人打开眼界。
50268,1,系统太难装了！不过最后解决了，有兴趣与我联系 bookzip@qq.com
51213,0,USB端口少 漆面太爱沾手印，得随身带着清洁布。。。O(∩_∩)O哈哈~
2012,1,这本书可以帮助小学生理解数学的很多应用   要比直接让小孩子做数学题更能引发孩子对数学的兴趣
21617,0,这火龙果能吃吗？问客户半天都不回信息。
18452,1,很好，一直选择京东，快速，质量有保障，服务很好！棒棒棒！很好，一直选择京东，快速，质量有保障，服务很好！棒棒棒！很好，一直选择京东，快速，质量有保障，服务很好！棒棒棒！很好，一直选择京东，快速，质量有保障，服务很好！棒棒棒！很好，一直选择京东，快速，质量有保障，服务很好！棒棒棒！
23216,0,包装精致得不得了，结果打开一看这幺小，就一口，和图片对比一下，有这样忽悠人的吗。。。骗得太彻底了。
3920,1,第一次购买华为牌子的东西，用了再说
10940,0,现在还没用，不知道怎么样，买完几小时就降价，还不给保价？伤心
37838,0,共勉！嗯嗯……你们都不是正常的消费者，我不吃双汇的肉制品，不喝伊利和蒙牛，现在开始不喝国内的任何红酒和白酒。不知我算否合格和正常否？
31104,1,气味很好闻，很划算，值得购买
59081,0,很好的地理位置，一蹋糊涂的服务，萧条的酒店。
29673,1,这次购买的是套装，参加活动后力度还是比较大的。
33832,0,用着头皮屑挺多的，以前不是这样的，感觉好奇怪
49364,1,稳定性非常好，使用起来噪音很小，运行稳定，很少出毛病，而且还有上门服务
46419,0,颜色与图片不符，太薄，差评
30731,1,非常不错哦，京东做活动买的，超实惠，还送了发膜。滋源的洗发水自从试了一次后就不再换过了，非常好，掉发改善了许多，不易出油，关键问题是即使头发脏了，也不会痒，总之非常喜欢。滋源，真的不错，值得推荐！
32464,0,一颗心是给快递员的，量不足 售后还说都这样不满意就退货。
601,1,学了十多年英语，但一直一瓶不满半瓶摇的，工作几年后，深感英语的重要，就跟一个朋友学。她有多年的英语教学经验（主要是教像我这种学过但没学好的已工作的人），在挑选教材时把市面上的都看遍了，最后选中这个。她的理由就是：这个教材从人物名字的选择，到情景会话和俗语的选择，都和现实贴得很近。比如现在很多美国女孩叫EMILY，书中也有conversion里的主人翁叫这名。现在我学完了1，正在学2。
62619,0,不管是服务还是硬件都绝对够不上四星级，尽管前台确实挂着四星的牌子！！！依我看，就3星还不到。不过价格也步态四星级。
41753,1,质量不错，穿着很舒服，大小正好，很不错，下次有需要还来
54761,1,酒店位置还不错，周围设施也比较方便，周围小吃还挺多，基本上来说是一个适合住宿的地方。缺点是门童不太好，基本上没有什么礼貌用语，也没有眼色帮客人拿行李或者叫出租车。
55996,1,在临沂，这个酒店算是比较有档次的了，给外国客人的服务也比较合格。可惜电视内容比较单调，国外的频道很少。服务态度不错。
49078,1,这价钱买到这种配置的笔记本，没什么可挑的了，送的东西又多，机器也好，配置合理。此外，摄像头很清晰。
12493,0,不给力，老是死机，买了两台，都一样，这台的配件也是坏的，懒的换了
58948,0,环境不错，设施比较老。一般班。酒店前台的服务态度实在太差。
19899,1,不太好，有个烂的，有一个有搁伤，不像是今年的新果。
43369,1,"呵呵，很好，给个""优""！！！！下次和朋友一起来"
31787,0,一分都不想给，连个快递都不会送，第二次送到家，要是别人不告诉我几别人百块钱就白花了
39293,1,和真维斯xl的一起大，应该感觉不会太差
53567,1,"本次入住的是豪华房,床很大而且很舒适,房间面积也很大,灯光协调,落地玻璃窗视野宽广,可以看到海景,隔海对面就是香港.交通也很便利,服务人员非常周到,挺细心的,前台及楼层服务员的态度都很好,以后来深圳都会住。"
37073,1,蒙牛从三无企业到现在以走向世界第一乳业为目标。靠的就是细分——目标——流程的营销策略。让顾客知道再让顾客信任到顾客认同。蒙牛是中国最典型的——造饭碗企业。不知到时这些手段到我们运用的时候还可以奏效不。
36742,0,厨宝还好吧  但那赠品送了也跟没送差不多
11577,0,大号手机，啥也没送，有点坑，价格高了，能在低点吗，支持国货，但是你要对得起消费者
19543,1,苹果口味非常好吃，送货准时，京东式准时。
58542,0,相当于三星吧，浴巾很旧，豁然几个洞。龙头坏了，水温很难调到合适的温度。房间隔音效果很差。早饭很简陋。
27098,1,东西收到了，很好使用了，很好，跟超市一样一样的信任。京东
8119,1,质量就是好，速度就是快，好好
12026,0,死过机，关不了也用不了
9517,0,给差评是肯定的，破玩意，又卡电池又不耐用。买了没几天就降价*强烈建议同等价位买别的，不要买这个！！！！！！！！！！！！！！！！！！！！！！！！！！！
14926,1,全屏手写功能，屏幕效果好，内置MP3播放功能，音质不错，支持外接存储卡，200万像素拍摄能力比较强、支持通信防火墙。
60477,0,比较老旧，楼里面有地毯发霉味道，房间电视是显像管老电视，不是液晶的，无法开机。无线网上不了网，打电话问让我去大厅试试。空调噪音大。以后不会再来了。
20006,1,收到啦，挺快，包装挺好，至于好不好看图片自己鉴别吧
26276,1,产品一直在用，还是可以的。刚收到货，产品完好地收到。    而且洗发水的味道也很好而且赠送的东西很多快递员的态度也很好速度也很快
47747,0,我懒得说了，还要34元，被坑了，不如宝宝店上的续点背心牌子，比你的背心便宜质量好。
23263,0,很少给京东自营差评！这次苹果太差了、一点也不新鲜！太难吃了！应该放很久了！
43703,1,物流非常快，客服也很细心，裤子穿上身很显瘦，质量也很好，总之就是物超所值，非常棒！
32080,0,我是很少买东西给差评的，用了这段时间，真心觉的这个牌子太欺骗消费者，每次洗完都是油油的，真想扔了！
35984,0,差评，怀疑是歪货，瓶装盖都盖歪了，全到出来了！估计是小作坊自己罐装得！
61033,0,"说实话180太浪费,副楼连120都不值,这是我最后悔的酒店."
13817,0,像素真的太低，当老人机给父母小孩玩玩还行，看视频根本糊的不行， 图片质量很像前几天电信营业厅做活动冲三百话费送手机的画质，就几年前两百完像素拍出来的。 买回来就后悔了
59562,0,"这个酒店实在太差了,一进房就看到蟑螂.设施也差,电视不知道是什么时候的?按床头那些键,谁知道一按下去就整凹下去了.走道上的墙都已经潮了,连前台的布景也是破烂,是时候装修啦."
565,1,一口气将书看完了，唐骏以幽默的口吻阐述了人生经历，总结了人生感悟用，让人很受启发。除了启发，这也是篇励志的作品，人生是可以改变的，命运是掌握在自己手中的。只要敢于挑战，机会总是有的。虽然每个人的成就不可能都象唐骏那样了不起，唐骏这样的天才是少有的，但至少我们普通人可以争取在自己的能力范围内获得最大的成功。
55432,1,本以为458的价格，房间不会太小，可进去以后，还是小得让人吃惊，说实话都没有北京锦江之星之类的连锁200多元的地方大！酒店的优点也许就在离南京路和外滩很近，城隍庙走着过去也不是很远。
41226,1,正装裤子，穿上很时尚，有弹性，朋友看了都喜欢
33723,0,洒了.瓶盖能拧紧点吗？能用点心吗？
9681,0,买来，开不了机，接上充电器显示电量为0，充了半天还是0%……这种概率应该不是很高吧？
19679,1,味道普通吧，没有我以前买的华圣苹果好吃。不够香。
33293,0,不知道是什么情况，洗完头皮会发痒，头皮屑多，难道买到假货？我真不敢相信，自营店也会这样？
30798,1,好，不错，得蛮多的，划算，喜欢
19582,1,好吃菜好吃的，这次又买了四箱，两箱九个苹果的还有两箱12个苹果的！就是这次来的苹果的盒子好脏呀
60371,0,前台服务员表情太生硬，没有微笑服务
43269,1,裤子回来包裹很好，颜色没有色差，而且上身效果也比较好，个人比较喜欢，很满意的一次购物，以后会经常光顾了。
50486,1,"外表颜色是藏青色的,比我原来看的照片黑色的要好看.京东服务不错,送货比较及时正在装系统,还没有使用"
56045,1,酒店交通确实很方便，出门就是公交站点，去海鲜广场和第一市场很便利。虽没有自己的沙滩，但穿过大东海广场就是沙滩，还是比较近的。不足的是酒店隔音设施不是很好，而且酒店的打扫时间过早。
35157,0,太差了，真的不好！
6098,1,非常好，非常好，非常好，推荐购买
4986,1,还行，比较流畅，正在熟悉系统。
51021,0,"16:9的物理分辨率,整体看起来屏幕比较矮,看高清不错但是玩游戏可能不太习惯需要适应.还有就是送的杀毒软件完全没有太大用处,还不如送鼠标。散热还是个问题。右下角的方向键感觉似乎有些脆弱！"
6687,1,视频不清晰 分辨率不高 电话功能不行
39356,1,刚收到货了，试了一下，很合适，面料也不错，感觉这个价格值了，以后再来光临！！！    颜色很好、做工也不错，老婆说近期算是从网上买了一件乘心如意的衣服
22479,0,第二次购买，比上次贵了也差了，很失望。
43876,0,网购十余年遇到过的服务最烂的店，没有之一。衣服首先漏发，告诉客服很紧急需要补发办活动后客服去仓库查货查了三天还没消息，期间每天催客服，客服每次都让提供一堆已经提供过N次的资料重复提交，提交完后仍是没有回复的等待.待仓库核实完又过了好几天仍旧不补发，造成我这边没赶上活动只好要求未发的退货，又弄了好几天.事后要求开票，目前已三周了还不知道发票在什么地方，差评，建议大家不要买这家的东西
4243,1,到货也超过一周的，碰上618，快递是有点迟，但是这平板简直不能更棒，运行游戏不卡，外观也很好看，我感觉挺好的，国产的，自豪
676,1,希望作者出版更多的系列，如《恐龙是怎样穿衣服的？》、《恐龙是怎样上幼儿园的？》、《恐龙是怎样外出的？》.......以便给孩子们更多的建议。
9451,0,不行相素太低
8915,0,平板是没问题的。重点是感觉被坑了，当时会买就是因为看到十二期免息才买的，快到还款日了就想着说打开看看一次还多少款。结果打开一看一脸懵，明明买的时候就是十二期免息，现在就变成一次性就要全部还款。咨询各个客服，只会踢皮球。我从没想过京东是这么垃圾的。气死了，没本事就不要弄十二期免息，欺骗消费者算什么。
23325,0,收到全是青色的，还那么贵，完全与描述不相符，绝对不会再买生鲜了，良心评价。
11137,0,做了冤大头，没几天就降价了。
12922,0,快递太慢了，都没到手，就说签收了。我很不满意
9026,0,16g的本机只有10g 占用啥太严重了 像素不大好又不能调
34463,0,我呵呵，京东真够垃圾的京东真够垃圾的京东真够垃圾的京东真够垃圾的京东真够垃圾的京东真够垃圾的京东真够垃圾的京东真够垃圾的京东真够垃圾的
23591,0,很硬，不脆，不是很甜，还不去在外面买，失望，以后都不买了
28318,1,"京东商城,正品低价,东西真的不错，快递员服务态度很好，比超市便宜，一直在京东上购物.快递员辛苦了，给快递员来个大赞。"
23257,0,80mm是不是直径？最大的也就70mm！！最小的还不到60mm
22242,0,每箱苹果总混有两三个不是烟台品种的苹果，很不好吃，为什么要混进几个不好吃的？不理解
49130,1,外观漂亮，最大的卖点。键盘大，联想ｓ１０被淘汰的原因。电池挺好的。
48694,0,还没穿，摸起来没我之前买的好，物流超慢，整整六天才到
50786,0,屏幕清晰度低，为什么很不清楚？？？显卡驱动的问题，还是机子本身的问题？？？
38025,0,结论是味全＞蒙牛＞伊利，伊利买的是抹茶味的，太难喝了
18353,1,“保持战略定力，在正确的时间做正确的事”，“稳中求进不是无所作为，不是强力维稳、机械求稳”……7月21日、24日，由总书记主持的党外人士座谈会与中共中央政治局会议相继在北京召开，习总书记深刻阐述了经济发展“稳”与“进”的内在联系。
43005,1,货已收到，包装很精致，可惜让我小侄子儿几下撕坏了，没来的及拍照!质量很好，非常满意
37648,1,每天又是蒙牛高钙奶 真果粒 金典 生活太满意了
45572,0,不好 很不好 售后态度一拖再拖，非常不满意！！！！！
23345,0,不新鲜。订单完成较这字眼，30元券就这么瞎了
28281,1,好多好多～～～～可以用好久好久啦啦～～～～上两个星期买了瓶护发素也要30
49314,1,配置比较超值，发热量比我用的联想E390小（CPU待机40度、最高71度；GPU45度、最高70度），风扇声音也不大，而且不经常高速运转，3dmark06：27XX分，在4K以内的机器中还没见过，接电视播放1080P基本流畅（硬解cpu占用率没超过40%）。做工说不上精细但也还没什么发现什么缺陷，操作系统安装顺利，附带DVD中有全套XP、VISTA驱动。
9808,0,垃圾，像素差到要命。连个耳机都没有。很想退货！就是看在快递小哥的份上就算了。
35094,0,对这次买的产品表示非常不满意，貌似产品是假的条码扫出来都不一样，三瓶80毫升的洗发水，条码扫出来是700毫升的，这不是作假是什么
25665,0,这样的苹果市场*没必要上京东，太坑人，12个苹果给10个
59496,0,这个酒店实在太差，房间设施和二星级的差不多。淋浴间真是有些脏，地上全是一块一块的黑点点，也不知道是些啥东东。一次性的拖鞋包装已经被折掉，有一点点脏，好象已经被用过。还好那次刚好自带了一次性拖鞋，否则要穿着高帮鞋在房间里走来走去了，想起来就让人不舒服。前台小姐也是面无表情，像人家欠她钱一样。前台距离房间实在有些远，是极不方便的。空调的声音很大，还有即使开到了三十度都感觉不到暖气，幸好网线有些长，可以坐在床上用电脑，?
39898,1,质量不错，和实体店的一样没想到还这么便宜，下次还会再来，重要的事情说三遍 好评好评好评，以后就在这家店买了。
8549,1,还可以，暂时没什么问题！支持国产！支持国产，支持国产，重要事说三遍！
6360,1,各个功能都很不错
32481,0,实体店才卖*.买完才知道，你能还转着活动，骗人
14229,1,操作简便，外形美观，功能实用。
36252,1,还行，第二次买
57286,1,之前看携程上的评价对这个酒店没什么好感，觉得早餐可能也很烂。也有可能因为期望值本来就比较低的缘故所以实际住下之后觉得还是不错的。房间比较大，窗外面对的是摩天轮和体育馆，晚上的view很好。早餐也比想象的丰富，虽然西餐类的不多，烤面包机也不好用。服务生还是比较主动的，出门后也会主动询问是否需要帮忙叫出租车。（长沙的出租车良莠不齐需要小心）不过还是出现了不太和谐的部分，我的一个客户(欧洲人）也下榻在这个酒店，之前她欧洲的同事替她在酒店预订了接机的服务。可是在接好机之后酒店安排的接机人员问她收了600元。我的客户不懂中文而酒店方面无人可以和她交流（酒店懂英文的人似乎很少），所以她只能付了600元。虽然之后和酒店方面协商退还了部分车费，酒店方面的态度也很好，但是对于之前酒店员工乱宰外国人还是很遗憾。
54449,1,酒店超值，不用300元住标间，房间很干净舒服，前台服务员态度很好，酒店管理水平很高，还可免费延住到2点。
35686,0,包装太差，没有任何保护措施，瓶身上全是灰尘，很难让人相信产品的质量。快递小哥不错，服务态度很好。物流也超快，希望卖家改进快递包装。
25616,0,真不建议买，买回来有一个烂的不能看，一共12个好像，大概有8个里面是烂的，就像图一一样，当然没那么严重，吃到一半，发现有一部分烂了，真是不想说什么了。
25404,0,坏了……还没人管！优鲜赔就是笑话
21741,0,这是吃的最难吃的苹果，一点苹果的香味儿都没有，只是一个口感比较脆，而且个头都特别小，不知道哪来的那么好的，好评
25725,0,牛奶没什么味道，生产日期不新鲜，苹果不甜不脆，还坏了几个，火龙果放一天就坏了。都不大想吃。
2175,0,"这套书,不怎么适合小孩子看,没有什么意思!建议家长购买"
38939,1,裤子质量不错，货真价实，和店家介绍的基本相符，大小合适，样式也很满意，穿上裤子走路感到很轻便，舒服
12138,0,又特么是别人用过的发给我了 里面有一个3月9号下载的铃声 我怀疑是别人退货的 因为着急用手机又没什么问题就没退货了 但是心里及其反感 京东就是这么恶心 不止一次了
36126,0,19号 12点多下的单，到现在还没有收到货，客服也不负责任！都催了三天了，还没见到货，不知是快递员的问题还是两边骗钱的
24331,0,口感太差，甜度不够而且还面，没嚼劲，果肉水分太少。也就外表好看
8038,1,"刚到手不久，外观很不错，做工感觉也挺好，很喜欢！开机系统升到了EMUI5.0,随便摆弄了几下，挺流畅的，后续准备玩一下游戏再试一下，目前很满意！"
7037,1,给老人买的不错
3949,1,包装一般，外包装较大，平板的本身外包装很小，平板在里跳得很欢。
33209,0,自从换了这款洗发水我每天都要跟别人解释我真的是昨晚上才洗过头的。    也不知道是买到假货还是这洗发水原本就这么垃圾，洗了头以后能不要那么油吗
23642,0,什么玩意，驴屎外面光，里面全是黑的，一次不如一次
58696,0,太差了！房间小、设施陈旧！地板脏兮兮的、毛巾粗糙，一次性拖鞋感觉穿不了两次就会破！卫生间刚够转个身！什么五星级啊，连四星酒店都比不上！
61574,0,车接送不错 其余都很一般
55068,1,虽离机场和市中心远了一点，但服务生笑脸相迎，房间内相关旅游者的资料准备周到，体现出处处为客人着想，最喜欢窗台上的鲜花，有欧洲风情的感觉。妈妈推开窗，见窗台上灿烂盛开的花朵高兴得合不拢嘴。宾馆反馈 2008年5月8日 ： 非常高兴您和您的母亲能喜欢泰逸酒店，祝您及您的家人身体健康，事事顺心。2008年5月11日，母亲节，泰逸鲜花盛开。同样的祝福献给您的母亲，也祝愿天下母亲泰逸安康！
35834,0,很严肃得投诉包装。请看晒图，如此漠视顾客。没有塑封，没有气泡膜，基本的防震都没有。再不改进，砸的是自己的招牌。请参考*超市包装，看看人家是怎么努力提升顾客满意度的。如此下去，不要说没有回头客了，连新客都会望而止步。请重视这个问题！
8891,0,买了个华为手机+1个华为平板，两个都超级卡，卡着卡着就自动关机了，再开机所有程序就不见了，再重启，全部变板砖了，破系统，打死不能买华为了，两个都是同样的问题
28856,1,京东618年终中狂欢购物节真是赞，每年这个时候都是全家大采购的时候，日用品，洗漱用品基本和超市说拜拜了，京东的价格超市根本就不可能达到，最重要的是物流也快，当天购物，当天送货上门，而且都是正品，没有出现液体的撒漏，真的很不错，棒棒哒。
22718,0,苹果也太小了，比网球大一丢丢也就，有青的，估计没熟吧，有磕碰的，还一点都不好吃
15384,0,缺点多多：滑盖特松，稍微用力量就滑开了；内存太小，没有扩展空间；接听音量太小，公共场所无法使用；摄像效果特差；电池待机时间太短，两天就完；不支持中文文件名，（杭州生产，怎么象私货？）
38781,0,悟空爱白骨精:我早就开始要求身边朋友亲戚都不要买蒙牛伊利了，人人用脚投票，这种无良企业就无法生存。珍爱生命，远离蒙牛！
45782,0,很不满意 和网上的不一样
35490,0,物流真心是超级慢，好像花了十来天才到长沙，真心受不了。    味道是挺好闻的，但是洗出来头发好干，不好用。
48747,0,没良心卖家，颜色不对，连牌子都换了个垃圾牌子，你是想关门回家了吧！
16905,1,不错，这个苹果?比山东和陕西的都要好吃，已经多次购买了，包装很好，品质毋庸置疑！
15028,0,信号相当的次啊，经常在寻找网络，我可是在大城市啊，出差更别说了。通话声音时断时续，不一会就机体发热、烫手。
57675,1,酒店还可以，价格在自贡来说稍贵。服务还可以。
24530,0,水果太小，且不甜，很一般，性价比差
42976,1,裤子很不错，料子很柔软，大小也合适，给男票买的，帅 哈哈
44830,0,跟理想的相差太远了，明明是保暖背心回来确实单的。
20893,1,东西不错，看起来蛮好的，东西不错，看起来蛮好的，东西不错，看起来蛮好的，东西不错，看起来蛮好的，东西不错，看起来蛮好的，东西不错，看起来蛮好的，东西不错，看起来蛮好的，东西不错，看起来蛮好的，东西不错，看起来蛮好的，东西不错，看起来蛮好的，东西不错，看起来蛮好的，东西不错，看起来蛮好的，
53020,1,不错的酒店。就是早餐水果太单调。宽带直接连电信网的，速度很快。
39819,1,裤子收到了啊，比想象的好啊，物流也蛮快的，特别喜欢啊
22987,0,苹果都有坏的，应该是在运输过程中被压坏的，找卖家，卖家很敷衍，各种推卸责任，反正事已至此，也懒得和卖家争论，卖家最后给返了2块钱。
7067,1,屏幕够大，上手容易，物流很快。
42955,1,宝贝很不错，正品质量很好，刚好合身，穿着舒适，老板服务也很周到，快递也很准时，非常满意，全加五分！！！
53670,1,总体来说是个性价比相当高的酒店，从酒店外表到房间设施都很不错，通过携程预订还送了很大一篮水果，感觉挺好。大堂大得离谱，空荡荡的，不知当初设计师怎么想的，太奇怪了。
58410,0,"房间设备陈旧而且不齐全,一点也不象四星的酒店.所以房价显高.我就不明白河南的所谓四星级酒店凭什么比成都、南宁等省会城市的四星房价还高。"
56951,1,入住的房间不可以开窗，空气流通欠满意，比较遗憾宾馆反馈 2008年7月10日 ： 首先因饭店房间安排造成您的不满表示歉意。同时我们会与携程及时沟通将您的要求录入到“饭店客史信息中”，在您下次入住时前台就可以根据客史信息直接给您安排可以开窗的房间了。 河北世纪大饭店期待您的再次光临！
19801,1,包装很好，不应该抱太大期望，毕竟价格在哪放着呢
29323,1,物美价廉，买来囤货的，好用，618好便宜
21731,0,一个大一个小，小的新鲜点 大的焉巴巴的。最主要是红心火龙果竟然不甜 网上的也要保证质量吧
3481,0,"刚刚收到书5分钟,就跑来反馈了,真好玩,书宽宽大大的,封面那些个傻忽忽的猫,挺逗的,没顾上翻看呢,嘿嘿,看完和大家分享去!!!拉拉"
22145,0,6.18下的单，其它几件水果都收到了。两件车厘子19号物流显示已到家附近站点，6天过去今天24号，仍没收到货。打了好多电话，一直没结果。太生气了
37431,1,人家蒙牛挺有诚意的，大冬天的在健身房门口做活动，在微博上转发此微博就送五盒酸奶。但见健身房里的男女老少人手冠益乳，嘴角吐奶泡@斑驳陆离的生活
5012,1,挺赞的平板电脑，也可电话，综合性非常棒！
13529,0,你妹的！！！差评
50376,1,在返现特价时买的这个配置算比较高的性价比，电池可以用七个小时左右（没找到所谓的节电到九小时的设置），键盘也比较漂亮，比900系列有较大改进
3113,0,没什么感觉，只是觉得图片还蛮好玩的！至于英文方面，反正对我而言，不会想用这本书提高什么英语水平就对了。
50155,1,会场滴轻薄，只有一般笔记本一般的重量；键盘手感很不错，键程和弹性都不错；led的显示屏效果不错，各方向都不会反光。
57788,0,酒店不承认此次预定， 与携程交涉7、8次才解决！！补充点评 2007年6月20日 ： 明明入住了酒店！ 300多无窗房，勉强3星级别的标准，还不如住如加快捷
47837,0,线头比较多，色差超严重。买了不后悔你找我。问色差原因直接不回了。
50319,1,介绍里是256MB显存的显卡，回来一看是512MB的，不知道是不是赚了，还是发错了，总之暗喜中。样子还是不错的，320G的硬盘很够用啊，3D游戏还凑活，本来也不怎么指望什么
47730,0,只能说一句、非京东自营的产品都是垃圾。实物跟图片差距太大！
27705,1,119买的，物流很快，包装好
52498,0,黑色钢琴漆太漂亮了，可是也太显指纹了，不知道白色会不会好一点
44570,0,不理想，有色差！
27384,1,东西收到，快递哥服务质量很好，东西还没用，不过看包装应该是正品，不错下次再买。
45010,0,没办法穿，无语。
17390,1,好好好好好好好好反正京东就是好好好好好好
59897,0,酒店设施有点老，但靠近机场
26029,0,24个苹果，有3个坏的，不是快递问题，是商家以次充好，什么潘苹果！我呸！建议京东自营与潘苹果取消合作，别搞坏自己的招牌！*买的苹果从来没有损坏过！
7845,1,还不错 挺好用 喜欢
23248,0,很小的一颗苹果，一般不容易碰到这幺小的苹果，和心里期待落差太大了。
62566,0,"此宾馆号称三星,可实际上这个酒店的硬件和服务水准,目前根本不能上星.走进大厅一股甘水味,高度白酒的酒精味弥漫空中,令人窒息;我们要求看房间,接待小姐满脸不高兴的让我们上五楼,我们看到的是落后的设施,破烂发霉的墙壁,摆设还算整齐,唯一能表示满意的是床单的清洁度,但是有股刺鼻的洗涤剂味道,问有空调否,答是24小时......我想这个宾馆是市府招待客人的地方,应该不差,就住下了.没有想到一连串的麻烦就开始了......首先不能上网,回答是,4块钱一个小时,一会拿了""猫""和路由器过来,好恐怖,不要了;要求送十瓶矿泉水,只送了七瓶,服务员说只有这么多没有了,要求签字确认,服务员说把房间的二瓶也一起算吧,我说,不要算,你查房的时候算,不然会搞错,服务员说一样的,9瓶三元一瓶签字了27元,.结果离店结算时果然又要我们付房间的二瓶水,我们解释也没有用,还是多收了二瓶水钱,从这点看管理太乱......服务员个个是祖奶奶,不能得罪,一点服务意识都没有,够呛;空调很弱,到了下半夜几乎感觉不到空调在运行,给冻醒,,结果我们二个人全部感冒,回到家里挂水(有515医院的证明);算了,不说了,反正也没有什么结果,只是提醒朋友们这种酒店千万别入住,也希望携程能对与你们挂靠的酒店有个评估手段,我现在是钻石会员,还是第一次遇到这样的酒店,太差劲了......因为这个夜晚的寒冷,染上了风寒,在医院刚刚打了点滴,觉得要写点什么,就这样了,睡觉,希望不会有第二次!"
46576,0,垃圾的商家 垃圾的京东 没有按承诺的发货 买4条比买2条单价贵*一条 还严重退色 买4条承诺送2条皮带4双袜子 没有兑现承诺收到只有4条裤子赠品就没有了催了10天才补发赠品 补发的赠品也没有按承诺补发
52349,0,1、电池只是3芯而已 2、没有光驱，装系统比较麻烦，且不支持USB-ZIP，只能用USB-HDD模式启动，花了我不少时间。 3、价格还是蛮贵的
5736,1,相当不错，华为值得信任！
58566,0,酒店分新楼和旧楼，我订的标准间在旧楼上，不得不说的是房间的设施实在太旧了，地毯已经看不出颜色了，因为住的时间短，所以就没有再换，还好床上用品比较干净。还有前台有一个服务员似乎不会笑，仿佛你来住店给她添了巨大的麻烦一样，我住了2天，每次经过前台都不自觉地看看她，从未见她笑过。真晕！
61703,0,房间还不错，够大，不过床头有部分发霉的迹象，218元的价格还是太贵
21234,0,一点不给力，苹果很小，甜度也不够，感觉上面着色剂有点多
59455,0,"一个晚上,要是能打死12个山蚊子,有生以来第一次.而且宾馆提供的电蚊香是不能使用的.后果是:房间由于客户打蚊子墙壁上血迹斑斑,非常恐怖."
8256,1,速度挺快的，反应比较灵敏，音质不错，希望下次继续合作。价格上应该没有很大优势。
8452,1,外观漂亮，漂亮漂亮，轻薄。触屏林敏度感觉有点高。其他还是摸索当中，音质好听
9701,0,第一次给JD一星，真的生气！
46426,0,垃圾货，全白色衣服上还有点黄色？
1478,1,很久没有读过爱不释手的书了，虽然《草房子》是一本儿童文学的书籍，但《草房子》里叙述的是每一个鲜活的生命。童趣般的故事让我回到了儿时的记忆中，回到了他们之间，一起嬉戏，起生活，这本书正适合儿童与大人之间的桥梁作用。虽然生活是如此平凡，但是美的地方却无处不在，让我们学会在生活中寻找美，给予爱！
31701,0,差评差评差评，商品收到后洗发水只是剩半罐，效果也不怎么样，而且之前说好的赠品也没有，跟商家问了之后他们只是推来推去，问题根本没有解决，后面客服说为了查询要为我转接核实处理，然后就没有人理我了，这是我最差的一次网购体验了，购买本商品大家要谨慎小心，以免上当受骗。凭什么最低一星呢，我一星都不想给，可能的话我还想给负的，??
1060,1,"如标题所言,一本适合安静阅读的书,一本需要耐心品味的书,诗词的年代貌似离我们已经遥远,但是,翻起已经泛黄的书页,忆及曾经摇头晃脑背过的诗篇,于是不由得觉得温暖,有多久,我们不曾这么安静了?在都市的繁华中寻找一份安宁,在生活的喧嚣中觅得片刻宁静,每天穿梭于不同的酒席,应酬,KTV,你厌倦了么?你真的快乐么?给自己的心灵安个家,希望所有的人,得到最美丽的平凡."
45528,0,掉色比较凶，觉得很不划算
15268,0,"1,手机电池用了才半年,不超过两天就要充电了(晚上10点自动关机,早上8点自动开机),太差强人意了吧!2,键盘太小容易打错字和拨错号.3,买来是2980元现在跌到16002460元,太离谱了吧!4,说明书讲的免提功能和录音功能找不到啊!是骗人的吧!"
37116,1,蒙牛，你幸福吗？
54018,1,一家欧式风格的酒店，大堂气派，房间也不错，还有水果、咖啡送。“美林阁”餐厅在上海挺有名气，特地去品尝了一下，的确不错，凭房卡还可以打8.8折。一楼大堂西侧有一个酒吧，晚上和几个朋友一起小坐了一会儿，里面环境不错，东西也不贵，同样凭房卡还可以打8.8折。下次还会入住这家酒店，有兴趣的朋友不妨也去试试。
35091,0,包装盒不完整不知商品是真是假
49500,1,17点下单，第二天9点多就收到货，发货速度赞一个。 特别喜欢小红帽，整个机器也比较大气。散热优良。 完美屏。 钢琴烤漆让你出差不用带镜子。
11729,0,非常差，在现在这个行情下这价格快天价了，屏显示分辨率差，屏小，反映不好，上当了。
48090,0,垃圾货！质量差得要死……别上当了！我在也不在网上买裤子了
58549,0,"每次预约都特别注明需要无吸烟楼层,可是前台都说已经安排给其它的客人了,如此漠视消费者权益非常让人失望. 另外住房内的地毯真是肮脏,布满了灰尘,感觉已经很久没有认真清洁了."
56997,1,知名度不错，机场打车一说十一经路，就问是如家吧。但是天津机场基本都是黑车。从酒店去机场不到30，机场来居然打表打出50多。
50829,0,1.钢琴漆外表面就是指纹收集器，手随便动两下就惨不忍睹了； 2.外表面lenove的标不好看，Thinkpad的i上一点还能亮，对商务本来说有点恶搞； 3.显示器的显示有点惨白，色彩有些失真。
30009,1,洗头水比较好还实惠，下次用完还买。
43434,1,东西不错，值得购买澳，，一次性就买了五件，，和同事一起买的
10829,0,用着还行 性价比还可以。就是发货太慢了。
27514,1,刚收到就降价*～*套装，挺划算的，瓶子和图片的鲜红不一样～～很香～物流很快，昨天下午拍，今天就到了！
36572,1,宝贝收到了，白色的非常美观，价格便宜，很好用，下次还来买。
31692,0,假货 最右边京东自营的 左边和中间我妈在屈臣氏买的还带磁条 刚开始没想起来对比 但使用第一次 就感觉和平时用的不一样 难怪说 便宜没好货 这次算信了 差评 京东第一次差评
28158,1,京东六一八囤货囤货囤货囤货囤货
48708,0,哎哎哎差垃圾要死
57616,1,"上个礼拜刚去过...环境还是不错的.饭菜也很可口,价格略贵.房间不错,很古朴,很安静,在那休息是很不错的.唯一的缺点是房间的隔音设施太差,如果同一幢楼里面有几个不同的客人,在碰上不注意的...太恐怖来"
50012,1,"这款电脑是M35系列,是今年的最新款,外观很漂亮,散热也很好,做工相当扎实."
1756,1,打开包裹看到这本书时，书的外面还包了一个塑料袋，里面的纸张摸上去也很舒服，字的大小适中，最主要是因为很喜欢朱生豪前辈的翻译版本，因为需要看原文，但是对原文很难做到全面理解，所以选择拿来前辈的经典译本对照来看。这本书除了收藏了莎翁的四大悲剧之外，还收藏了我本人很喜欢的一部悲喜剧--Romeo & Juliet，所以这本书在我的眼里就变得十分完美了，呵呵~
54226,1,"酒店房间宽敞整洁,灯光柔和,总体来说还是不错的.前台服务生的态度也很好.只是宽带还需要收费,这点是否应该改进."
25734,0,别买 就开头第一个好 其它几乎都是烂的
32813,0,这个肯定是假货！！！洗了之后头皮非常痒。才二天就很痒很痒，真是后悔买这么多，京东真是坑！！！！！
26668,1,京东价格合适、快递非常给力、东西感觉就非常喜欢！
49371,1,"轻巧，发热小.（与原先用的Compaq M300比较，X200是冰箱---哈哈）。 运转声音很轻,几乎听不见."
35525,0,同事都说好用，但是我用后超级痒，痒死我了~
46531,0,布料不太好，退色
52915,1,"房间内设施还不错,不过浴室的淋浴喷头不好用,水量不可调节,出水较散,有些不象四星级的标准.周边环境尤其是酒店后边环境不太好,大堂也太小了吧."
40617,1,很好(?▽?)，京东自营购物就是便捷
9487,0,差评差评！！！！！妈的买回来就贴好膜了，上个微信还说这个手机绑定过微信，你**别和我说这是新机子
40802,1,裤子非常合身，至于线头啥的都没有，之前还是担心，看到货后真的没得说了，很喜欢！一百个赞！
41495,1,衣服收到了，质量真的很好，手感舒服，穿着合适，很好看很喜欢，以后还会来买的！
15701,0,"铃声开到最大,顺风耳还是听不到!听MP3时就不用提了,太差劲了!"
6050,1,不错很好啊一直都在家用这个牌子。不错很好啊一直都在家用这个牌子。
60051,0,晚餐吃出长头发，服务员竟不以为然！洗完澡时，发现浴巾上竟也有长头发！如家在我心目中一直是快捷酒店的楷模，但这次入住北京团结湖店，令人大跌眼镜。
32426,0,东西一般洗后2-3天头发还是特别的油
5952,1,东西确实不错。
31520,0,不好，建议慎用。用了一个月了，有头皮，掉发。现象
5028,1,就是给孩子做一起作业网和看点动画片，最多玩个微信啥的
29314,1,包装很用心，有防震袋包着，看着不错，浓度高，望柔顺柔顺的
18837,1,这个牌子的有点小，不如我第二次买的（如图）苹果。    一冰箱都是京东的水果。比我家楼下菜场卖的便宜20%-30%呀。又新鲜。    哈密瓜一个1800g 一个2200g 都达标了。    甜瓜个个超标，最轻的也有820g。这是第二次买了。    这次的苹果还没吃，但样子很赞。    鸡蛋也还没吃，样子也很赞！没破损的。上次另一个牌子的苹果有点小，没这次好。    Icool的椰子好赞，椰汁甜，肉肉多可以打出来做椰浆绿豆沙什么的。    买酸奶是凑单打折用的???
14969,1,做工不错！按键的手感比较舒服！显示屏的色彩柔和，画面清晰！声控拨号的识别率挺高！支持时下流行的JAVA功能！电话本比较方便查询，按数字键，就会出现相应的联系人信息！
12059,0,买了不到一个月变形，去售后说是人为用的，我踏马有病啊，我还故意去弄变形吗？不想保修就直说啊，华为售后够垃圾
35555,0,超次，出油的厉害，再也不买啦
42100,1,无色差，版型也很好的裤子，可以放心购买。
25198,0,太酸了。。。。。纯粹吃不成，比醋还算。
8097,1,屏幕清洗，运行流畅，物廉价美，摄像头拍照效果略差，较满意。
5766,1,平板电脑运行速度快做工精细很漂亮无卡涩现象
32149,0,500ml的给看成750ml，比楼下超市贵……不能忍啊
44355,0,退色严重，还会变形
2733,0,完全是噱头，没有实际东西。（个人观点）
15439,0,屏幕易进灰、滑盖易松动、按键松软无手感，根本没有N6280出色，不建议购买。
16098,0,排线很容易坏，我买了不到2个月就出问题了
12232,0,死机，卡钝，电池不耐用，10个小时就没有电了
61775,0,国庆出行到贵州旅游，通过携程预定了该酒店，9月19日预定了10月2日晚三间标间，结果当天晚上11点到店，前台给我说没有查询到我的订单，导致没有标间可以提供给我，经过携程和酒店沟通，酒店前台给我2间大床房和1间标间，而且所有房间不含早。我最初定的房型是每间房含单早而且有50元消费券赠送，由于大家都很累了，遂未再与酒店和携程沟通要求将早餐和消费券补上。但整个入住过程大约花费了我30多分钟，大家都在大堂等待前台给我们房卡，在前台沟通后本打算直接给我3间大床房，由于有一家人带有一个小孩，一张大床实在不便，在我要求下改为两件大床和一间双床....整个过程前台经理和携程的沟通听得出来态度并不好，对于我们这种订单经酒店确认却没有在前台显示给客人所造成的办理入住的不便以及房型改变给客人带来的不便未有丝毫歉意，反倒给我们的感觉是在房间这么紧张的情况下，我们酒店能给你调整出3间房以我预定的价格给我就是对客人的恩惠了......我也是看该酒店在携程的评价很好才这么早预定的，没想到遇上一些问题后该酒店的处理方式和态度实在让人失望...在携程上预订过许多酒店，第一次遇见一个档次较好的酒店服务这么差的....如若顺利入住，就皆大欢喜，如若遇上问题就完全体现了该酒店在处理问题中的强势与傲慢。但愿仅是当天前台人员个人素质问题....还望酒店今后积极改进..
2318,0,"在当当网买了几次东西了,感觉不是太好.服务上总是出现一些小问题.我19日下的订单,到了24日打电话还在配货,而贵网明明白白说按规定在2_5天内发货.记录显示直到30日才发出来,这是一种什么服务,糟糕透顶.上次东西有问题要退货,我问能否早些退货,客服人员回答不能,只能在5个(7个)工作日内办理.一直等2周以后打电话给客服人员才又拖了几天解决.感觉规定就是给顾客制定的,公司人员无所谓,让人缺乏信任感.客服务倒是服务态度很好,但谁会无聊没事找客服.我想大多数客房要求很低,只要把你承诺的话做到就对了,并不希望你们做得有多完美..好好改进吧,否则再过几年这个世界还不知有没有当当网了."
28531,1,一直的品牌，用着还不错，用完了再来买。
6239,1,用了几天来评价，超级喜欢大屏实用，
49622,1,性价比不错，本本的外观手感以及性能都还不错，到底是大品牌的东西。 送货速度快，头天中午下单的，第二天下午就送到了。
32988,0,说好的吹风机了 *啊 这四个也就* 吹风机吹风机吹风机………… 吹风机了
33198,0,看着大，实际上太小太小了
45752,0,垃圾物流，垃圾裤子，垃圾中的垃圾..............
29454,1,无味，我用这么多洗发水，就这个好。
61314,0,前台服务员态度不怎么好，酒店就三星水平吧
13726,0,不到一个月频繁死机，开不了机
25368,0,拿出的第一个苹果坏了个口，苹果特别小，削完皮后，咬了口就不想吃了，一点都不甜也不好吃
11115,0,这家店铺就是骗人的，大家都别买，说好的有赠品，到货确说没有，说我这地区没活动！什么鬼，就是**
16450,1,水果还没尝 看样子应该不错，很新鲜。个头也不小，一下子买了四箱。一直在京东上买水果，质量都很好，还及时送货上门，谢谢京东小哥。
8589,1,朋友很满意，帮忙买的，运行速度快
18615,1,和图片一样的，七块钱一斤，有点小贵，至少说苹果不大，还是甜。
42130,1,裤子料子很舒服，穿上很显瘦显腿长，总之这次购物我很满意
1248,1,另外，书中描写的狼人身材都异常高大，书里的雅各布比山姆和爱德华还要高大。但是第1部电影里演雅各布的演员好象只比贝拉高一点点，比爱德华矮半个头，有点失望，不知道第2部中导演将会怎样来展现巨狼的英姿，期待.......
60708,0,这个酒店就是招待所改建的，所以各项硬件设施非常简陋，关键是大门在二楼，也没有无障碍楼梯，背着行李上楼，更没有服务人员帮忙！晚上在一个居民区里休息，都不敢开窗户，总之，很不满意！
23913,0,这种货色在水果摊上跟本就没人买，有的还勉强能吃，有的又硬又不甜，跟介绍上说的一点都不符
20324,1,苹果个头大小均匀，没有特别小的那种，然后苹果又脆又甜，吃完后再买些，方便省力。
30426,1,京东购物就是比超市便宜很多，物流又给力，真是省时又省力，好评！
1974,1,《窗边的小豆豆》写出了一个孩子纯真的童年和质朴的内心世界。也许每个孩子的童年都有类似的想法和心态，但却早早的被所谓的成熟、正确想法给扼杀了。现在的我是个准妈妈，小豆豆给我指明了一条如何正确培养孩子的道路，很感谢《窗边的小豆豆》给我的启迪，很感谢豆豆的童趣，很感谢小林老师的教育模式。
58270,0,还不错，酒店环境很好，设施很齐全，周围是商业街，旁边有很多知名的饭店餐馆，步行或者打车去商场都很方便
60827,0,前台服务人员素质太低，打工心态，酒店冬天冷气召开，关不上，被子却很薄，无语
62367,0,好是好，就是没有没窗户，压抑，阴暗
41393,1,裤子质量很好，以后还会常来，介绍我的朋友多来看看，真心不错。
54049,1,环境不错，前台男服务员态度比女服务员好。早餐不错，不过价格稍为高一些哦
50501,1,键盘手感很舒适，触摸屏设计独特，比较人性化，机器配置相对高，性价比不错！！值得推荐！~~~~~~
29592,1,感觉挺好，以前头发比较油，容易脱发，用了一段时间，明显减轻了很多，现在也不脱发了，还好吧。
23203,0,京东真缺德，付款的东西收不到货，也退不了款，也没地方可以投诉！
17048,1,还不错，个头一般，没有称，不知道够不够重量
22141,0,如图所示，有好几个苹果没有八公分，苹果不是很甜偏酸，不会再买了。
59040,0,酒店位置较差，交通极其不便。房间较小，顶多三星级标准，周边环境较差。我是住上后，感觉不太好，在下午6点前退房，结果要收全价，真令人失望。
3654,0,此书120至140之间有大量装订错误，正版书也这样，实在郁闷！！！
23525,0,味道还没有尝，但是一盒苹果有三分之一是坏的！
3857,1,包装不是很好，里面太空了我不塞多点汽泡袋，其它的还可以
43375,1,裤子质量很好，颜色正。稍有些大，整体不错。
24231,0,第一次买的还可以，就买了，大家自己看，没有一个是好的，而且有青，吃了一个，酸到死，一个字，差，不会再买了??
39825,1,下单当天就发货，快递也给力，裤子穿着舒适美观，规格大小刚好，卖家服务热心，放心购买。
7156,1,非常好哈哈哈哈哈哈哈
14263,1,我的大概用3天，一直不关机。。
52863,1,房间稍显局促，我们住的双床房（大床房没有了）。隔音效果不太好，晚上很晚了还有人在走道上喧哗，可以很清晰的听到。10块钱的自助早餐还不错，方便！
45838,0,"裤子太长，根本就不是页面标的１０３cm，实际有１０８cm,中国人那有这么长的腿，又要花*去改，还有拍的是绣花送的是压胶。最恼火的是买的*，没半个月就降到*。永远永远不再光顾这个品牌了。"
2939,0,盛名之下，言过其实。就单单营销方面，本书的推广倒是个成功的典范。
58253,0,"酒店位置较偏,而且管理混乱.价格过高,不划算."
36019,0,护发素被打开了，都不是新的，买的同款洗发露是新的，且有放压包装，这个护发素很糟，还京东自营发货，新的都不给
2362,0,又大又吓人的画面，大人都觉得有些恐怖。不大喜欢，儿子也不大喜欢。太大的孩子比如超过三岁的感觉太简单了，两大页码才讲一句话，没太多教育意义，而三岁以下觉得比较恐怖，我很后悔选择了这本书。感觉真的是这样。
54256,1,在宁夏来说这人酒店应该是算好的一个酒店了吧.
42997,1,真的很好，实惠，舒服，好看    很合我意
42242,1,裤子特别好，不褪色哦，牛仔料子穿着特别舒服，很贴身舒适。款式穿着很时尚呢，强烈推荐。哈哈?
43668,1,衣服收到了，质量不错，颜色无色差，样式很好，面料柔软，穿着很舒服
36810,1,人一生有两件事不能做，一是低估自己，二是低估别人。首先不能低估自己。也许你没有优秀的资源，与李开复相比，尽管我毕业于北京大学，但是我没有接受过西方优秀的教育，与放牛起家的牛根生相比，我似乎又是幸运的。最没有资源优势的牛根生却拥有像牛一样的精神、耐力、勇气，最后创造了蒙牛--俞敏洪
30682,1,活动买的，价格非常好，还没开始用，京东自营的应该是正品，这一点应该信赖。限期使用日期是2020年。
53837,1,"环境不错,交通也很方便,购物吃饭也方便,公司来天津出差都是入住这个酒店!"
29351,1,快速质量不错，包装比较严密，喜欢使用这种洗发水，好用会再来
14390,1,性价比还是不错.
50793,0,屏幕垃圾的要死！太亮刺眼睛！对眼睛伤害极大！！！看久眼睛就疼！不晓得大家的本本怎么样！反正色彩是我采购的10多台笔记本里面最垃圾的一个！调了显卡设置也没用！颜色偏差很大！如果用来工作！肯定不行！
7801,1,就是大号手机，所有安卓软件都能装，反应挺快，不错，让孩子做作业足够，孩子喜欢
53069,1,因为参展，就选择了这酒店。酒店在新国际展览馆内，这是最大的优势。摆展的时候随时可以走回酒店的，免去了交通麻烦。但如果是大型展览会酒店的价格也是较高的，平时360的房间遇到展会时竟涨到458，说实话，在龙阳路这种房间458绝对不值的，就冲方便而来的了。还有就是早餐，要28一份，真不知道有啥好吃的，而且9点以后估计连煎蛋都没有了。最让人觉得不爽的就上网要收钱，还60元一天！住这里的人基本都是来参展的商务出差的，10有8个都带有笔记本办公的，这不等于变相多收60元房费吗？还有就是那个酒店菜馆，东西一般的很，但价格倒不便宜，清炒时蔬都要18块！总体来说房间还算干净卫生的，但就不值这个价吧。如果摆展入住的话，因为实在是比邻方便，也别计较那么多了，还是值得推荐的
54861,1,我很晚才住进酒店，打车过去，从大门到我住的那栋，走了好久，本来已经疲惫不堪，还走了那么远一段路，而且晚上根本看不清哪栋是那栋，酒店应该二十四小时提供酒店内接送车和引导。
31301,0,总觉得没有以前用的好用，不知道是什么原因。
10447,0,服务态度不好，说好送16G内存卡的。结果没送。问客服情况说要反馈！！从15年底到现在都还没消息！！
21036,1,好吃，很好吃，口感很好。第二天到货，挺快的。一盒12颗只有一颗有点碰伤，还是可以的。
25686,0,不好吃，不是很甜，有点涩，没有仙美苹果好。
12425,0,很不愉快的一次购物
13813,0,放着不用都发热要求退货
17834,1,准时送达，苹果挺好的，大小均匀，这么个价格你也不可能要更大的，这就挺不错的。有人问是今年产的新鲜苹果吗？这个问题太可笑了，苹果现在可能刚结出来不久，到秋天才能成熟采摘呀，这肯定都是去年的苹果！
33684,0,深深地觉得这是假的，洗了2次，头皮发痒，一看才知道居然长小红点了....晕，不敢相信
8781,1,可以，物超所值
214,1,这是一本不算好读的书，是一本让人快乐不起来的书。我是学生态学的，可以理解接受大部分的概念，而对于其他人则不是很清楚。一个一个例子让我很疼。我是在坐火车时读的，8个小时读了115页，这对我很难得，我已经很久没静下来一口气读一本书。感觉只有心痛。这本书不是文学作品，也不是纪实报告，而是科学，真正的理性的科学。所以奉劝想要看这本书的人注意，这不是一本好看的小说，而是一本严肃的科学。
35118,0,活动的时候买的，标价三百多，现在189，都是骗人的啊
35595,0,百分百假货，连理发店的洗头膏都不如，
34098,0,618做活动，448，现在怎么一百多，虽然有优 惠券，但是还是比现在贵感觉
38143,0,无力吐槽 你有一个好朋友，祝你幸福！ 几年前，一个在蒙牛工作的朋友告诉我，別喝蒙牛奶。于是我从此没在喝。过了这么多年，一系列蒙牛的负面新闻，我只是奇怪为啥央视还在给它继续做广告呢？所以，我要感谢当年告诉我内幕的朋友！
58836,0,房间一般，真的很一般。没有早餐。还是个办公楼，人很杂。
32734,0,不好用。。。。。。。。。。
18503,1,这次送货超快，头天下午下单成都发货，今天下午贵阳送货员冒雨送货，赞一下，苹果一如既往的好吃，脆甜
30193,1,6.18活动买的好划算，包装的很好，发货速度快，价格美美哒，京东棒棒哒
552,1,一直都很喜欢江南，喜欢他那澎博的文字下的细腻，我也一直在收集江南的书，这本也不另外。刚开始看，不是很喜欢的说，找不到以前的江南风格，涿鹿更像是此间的少年和缥缈录的结合，但我却觉得有点四不象，可是我还是坚持看到后面，也逐渐的找到了记忆中的江南。喜欢他笔下的蚩尤，为云锦而成狂魔，即使没心也一直因为云锦留恋着尘世～～
30417,1,搞活动买的，很实惠，用了是正品，使用日期到19年
32893,0,瓶子烂了，都洒出来了，弄的满盒子都是
54288,1,交通挺方便的，离机场步行十分钟，离火车站车行十分钟。可能最近是淡季吧，有点冷清。
37902,0,下午又尝了另一种banana milk上面有个萌奶牛的。感觉比昨天的宾格瑞好喝啊，那个太甜了，天喔的感觉挺诡异的，蒙牛的最贵最坑爹@BB无限
55856,1,"还不错,比较适合自驾的经济适用的星级酒店.酒店设施3_;周边环境3;服务3+;设施偏老,而且还省了不少东西,美其名环保,呵呵,还能接受.周边交通不错,面山背小区,景观不错,去景点也不远,适合自驾. 服务比较用心,无论是停车场帮看倒车,房间的免费饮用水,假日不涨价...基本看出管理层满重服务的. 提一下三人房,只比双人的贵20元,要知道早餐券就要28元,合算的,房间很大,床也不小,适合一家三口.提一下早餐,品种不少,东西比较普通,不值28元."
6258,1,给老人看片子用，实惠好用！！！
53638,1,房间空间小显得压抑，设施简单没有起码的消费品种，装修年份较久卫生条件一般。
4936,1,系统流畅，专门买来玩游戏的，阴阳师运行无压力。
59113,0,因为近昆百所以住了这家五星，感觉最多是个三星。设备老化，环境也不好在闹市也没什么空间给住客如花园什么的。服务员态度也不热情，前台给人感觉业务不熟练，不太会礼貌用语。半夜还被蚊子叮醒了。总之住的不爽。还不如四星的锦江。
51857,0,装系统太麻烦。我主要是office，但是键盘打字很容易跑空，串行。G这个键接触不好。
41418,1,裤子穿起来很修身 特别有感觉 男票很喜欢 而且材质也不错 下次会再来光顾
56233,1,"我常在国内外到处出差,这间是我第一次入住,LOBBY虽小但感觉挺精致的,态度也不错,房间倒是很好,客厅大,厨房齐全,也可以免费外借厨具,虽然用的机会不大,这点倒是给予支持!卧房不大,但很干净!以我吹毛求疵的要求,整体来说,给这间饭店非常高的评价!但是有个最大的缺点就是地点太偏了!到地王,万象城要20到30元,而且很会塞车!叫出租车要很久才会有!住客要多注意!也希望酒店能跟出租公司配合,降低等车时间!总体而言房间可比拟五星,但外观只能到四星,不过却是四星级的价位!可推荐给大家!"
45407,0,刚收到的货就正面就有一个洞，网购需慎重！
12414,0,一星是为降价，价格保护只有7天，买后10天就降价**极其不爽！
61591,0,太像公寓了！简直就是公寓！大厅感觉非常公寓，房间也公寓非常，居然还有厨房和相关设备，其实你根本没有机会使用，因为你不可能随身带餐具！
23934,0,这个苹果不好，小，还有烂的，下次不会再买了！
20456,1,苹果很好，大小合适、脆而甜。包装好、快递小哥特给力，昨晚睡前订购的，今天上午不到11点就收到了。大热天，你们辛苦了???
41097,1,才几天，物流挺速度的，很时尚，码子比较合适，试穿效果不错大小颜色都很合体很满意，没有色差，卖家服务态度很好给好评加5分!
29440,1,漂亮好看...性价比高..物流给力
14604,1,1.彩屏彩的比较好``很明亮，铃声还算可以，下载速度很快比LG8080快多了，菜单翻动也很快。做工还算过得去！反正要比LG8080的好得多！我个人认为啊！2.我用了1个星期了还没出现什么大的问题！小问题也很少的！
755,1,我是先看完了朋友的此书，感觉不错，现在孩子才一岁多，考虑到可能以后会用着，所以自己就买了回来继续学习，以备后用。这本书用一种非常清晰的方式编写。技巧很容易运用，语言也十分得体。作者写到了怎么增进和孩子的亲情，怎么和孩子分享感觉，怎么给孩子以有效的表扬和一系列类似的话题。这些不仅仅对孩子是有用的，对任何和孩子接触的人都十分有用。
27928,1,嗯是正品哦，而且量很大一直用清扬的牌子，用完感觉头发滑滑的，而且特别顺滑，特别飘逸
43273,1,做工不错，无线头 颜色正 无异味
34450,0,不好，没有味，还稀，跟假的似的
53512,1,去了几次了.这次住的是温泉去里的日式东瀛阁.房间比较大.3楼的还有露台.泡温泉比较方便.在房间里换了衣服就能直接下去.中餐厅的出品还是一如既往的好.价钱也比较公道.值得推荐.不过.餐厅门口的保安服务态度不敢恭为.实在是大煞风景
36679,0,快递就送到楼下 说了来半天才送上去  还说要加钱才送上去   热水器还没用  等用了在说
43324,1,已收到，大小正好，看上去面料也不错，挺保暖的。
59648,0,只是招待所而已，设施不怎么样，毛巾都是破的。而且我前一天洗的短裤和袜子挂在浴室里，退房的时候忘记了。结果再去问说没看见。就不了了之了。
15962,0,一千出头买的小灵通，是单屏；还不如我们同学价格差不多买的彩屏还是可折叠手机。电话薄没有分组功能！不支持铃声下载!没有关机闹钟！甚至连群发短信功能都没有。价格还不低！
3331,0,觉得很贵，而且不能给孩子正面的教育，孩子现在不需要怀旧，所以觉得不好
22552,0,呵呵呵呵呵，买来只有一个好了，其他都坏了，长毛了，当场丢了，没拍照，结果客服要我提供照片，十来块的东西，我欺片你们干啥，要是劳资欺片你们，出门给车撞，。还有敏感词，pian字都不给发，这也是厉害了，
61638,0,无论设施还是服务也就是快捷酒店，最多三星半的水准，收费却是五星。不会再住了
45807,0,给我发错裤子了，店家是怎么搞的？
53154,1,酒店是个环境很好的地方，需要乘船才能到达，感觉就像去了世外桃源一样。但是去酒店不是容易的事情，希望有携程可以把怎样去到那里说一下，让旅游者有充分的准备。
27585,1,快递不错，挺快的，东西没有损坏，包装好，还没用希望洗了感觉好
49688,1,配置不错，外观也行，就是喇叭的音效很一般，用惯HP的再用这个差距很大。
56458,1,不错，在普宁寺旁边，有特色。服务员态度特别好，很亲切，都穿藏服。
4098,1,不错，给孩子买来学习英语用的，到目前为止还很好，没有什么问题。既然是新产品为啥没有屏幕保护膜呢？自己去贴了一个，以前买过的电子产品出厂都有保护膜的。。。
24448,0,太小了，去皮后还有一口肉吧，我见过最小的火龙果了，别买了。
36843,1,蒙牛总部，能看见的地方都很干净
38230,0,请问代表，蒙牛伊利没任何毛病，有毛病的是谁?
12041,0,不想说啥子了 手机壳也不送一个 耳机也没得 电话也打不起
22257,0,这个苹果纯属就是坑人的东西，又小，又不甜，真是上当了。
57920,0,酒店位置在火车站对面，汽车客运站就在附近。但早餐很差，而且房间比较旧，酒店为了省电，连走廊的电灯都经常关掉，出入不方便，不适合商务会客。
10758,0,看起来可以……但是没有膜……原装膜都没有……买个手机还送个钢化膜呢！我很不满意 差评
21287,0,这次的火龙果真的是很失望，时间应该挺长了，都皱了，还不如上次买的放到现在的新鲜，以后不会再买了，看来就是一次性的吧。
20386,1,好吃，不酸也不太甜，胜在价格便宜。
7073,1,性价比还不错，流畅度还是没有苹果好
43130,1,裤子收到了，京东的快递真的很快啊。裤子的质量也很好，而且很好看，给个好评，下次还来这家。
54934,1,好！！当时看到有人评价说什么骚扰电话多，我还心有余悸呢，结果好的不得了吗哪里有电话？我们自己人打电话，总台还会仔细核对身份呢而且房间也好服务也非常的好真的是徐州最号的酒店！
32958,0,说实话买了没有任何用～说真的 什么都是人的 花了*亏～不信可以自己买试试
46600,0,好难过，怎么买了这样的裤子
47054,0,无语，衣服连码数都不对，买个L号的比XXL的还大，都到大腿下面了，建议大家还是谨慎购买
22625,0,是在外面卖不出去了的存货吗？呵呵。
53363,1,忍不住说两句，这里的性价比的确很高，院内幽静、安全，走廊也十分安静，透着私密性，房间中配备吹风机、小闹钟、台历，还有免费咖啡、矿泉水以及擦鞋服务，感觉很贴心。我住的是古典大床间，但床不是很大，“古典”不知体现在何处，另外周边200米内似乎没有早点铺，或许因为春节期间全关门了。
46705,0,50多，买一个这么厚的背心， 太坑人了
5713,1,总体来说还不错！划屏开机不是特别灵敏。也不是啥问题！一直在用很好！
137,1,真没想到我会看着看着就哭了~如果说第一本书《暮色》给我的感觉是甜蜜，那么这一本书就是悲伤。从爱德华转身离开贝拉的那一刻开始，贝拉心被掏空了，而我也难受到了极点。很奇怪，这本书的描写很贴近我们谈恋爱时的感受，简直太真切了。贝拉出现幻觉时，我觉得她已经有点疯了，已经失去自我了，爱德华带走了她的一切，她甚至用伤害自己的方式来换取一瞬间爱德华的幻觉，可怜的女孩啊！我们在谈恋爱时，不也曾这样迷失过自我么？在查理向爱丽丝描述贝拉刚失去爱德华时的表现，我的心不停在抽痛，太可怜了，贝拉！我用了三天的时间把这本书完整看完，哭了大半天，描述得太真切了！
51371,0,xp比较难搞，但是经过一番努力，还是装成功xp，驱动和快捷键一个都不少！
10808,0,屏幕上下右边明显黄屏，已经申请换货了。
24283,0,太苦了没法吃，都扔了，，，，，，，，
15373,0,不实用。价格太高。内存太小。铃音一般，在人多嘈杂的地方，很容易漏接电话。开机反应太慢，键盘不灵敏。
33573,0,配送服务    胡永利 010-87860230    北京丰台区北京芳群园站员工配送服务    胡永利 010-87860230    北京丰台区北京芳群园站员工配送服务    胡永利 010-87860230    北京丰台区北京芳群园站员工配送服务    胡永利 010-87860230    北京丰台区北京芳群园站员工
38292,0,以后渴死也不喝蒙牛了，只给仇家送蒙牛。这玩意儿太毒了，我觉得举重运动员降体重的时候可以用……
27084,1,618特惠买的，但跟平时比起来又好像没便宜多少，因这两品牌一直在用，也一直都是在京东买，但比外面商场确实是便宜点。清扬连我家人也一直说好用，之后就没更改过了。
48863,1,超轻啊~单手拿很方便，外形简约大方，喜欢。送的东西很实惠。内存，硬盘。间接升级啦。京东送货真是飞速啊，头天下午下订单，第二天上午就送货了。表扬
4145,1,一直比较支持国货，华为还是很靠谱的
38719,0,质量严重不过关的下场，抵制蒙牛和伊利路还很长
34570,0,10号买完，11号就又便宜*，太坑
44189,0,我能说的是钱发了，但是没有收到衣服
41916,1,第三次买他家裤子了。质量一如既往的好。 不褪色不缩水。裤裤面料 做工都很不错 裤型也很漂亮 很满意。尺寸非常合适。穿着也舒服。店家服务态度好物流也快。以后就他家买裤子了
29931,1,商品已经收到，还没有使用，看外观和超市里面一样的，日期也比较新鲜。
59784,0,本来想订的不是这家。找酒店时看到这家每条点评都有回馈，觉得服务不错，就订了。但是对于我们自驾又不熟悉苏州的人来说，这个酒店不太好找，我们花了一个多小时打了几次电话才找到。到的时候在下雨，服务生主动拿了2把伞出来接，给我们的第一印象不错。进了房间，才发现房间小的惊人！连衣橱+卫生间+走廊都不知道有没有携程上说的20平方，象我这等还尚算苗条的人转个身都会碰到点东西，可想而知房间小成啥样。房间虽然按我们的要求给了比较安静的，但是窗外就是美食街小饭店的后门，其脏乱差尽收眼底，难怪我母亲怎么也不愿意在那条街吃饭。电视机很小，频道很少，才10几个。有凤凰卫视却没有国内的有线，几乎没啥选择。房间的布置和用品确实还不错，也就这些值这点房价吧。但是第二天却发生让人不愉快的事。我们8点多去餐厅吃早餐，当时连我们一家在内也就7-8个人，早餐的品种本来就不多，倒有5、6个是空的，除了面包、馒头其它的几乎都没了，请服务生加，没有太大反应，很久才加1-2个，继续保持一半品种没有的状况。开始以为是厨房来不及，后来看到倒光的牛奶和橙汁，拿去厨房，拿回来只加了1/4的量，大概只够倒3-4杯的，就觉得这个酒店有点小家子气，因为当时已经有10多人在用餐，而且时间只是他们承诺供应时间的一半！结帐时，检查房间的阿姨跟总台说我们房间有条毛巾搞脏了，洗不掉，总台的意思就要我们赔，开价75。我们房间的毛巾确实在前一天带孩子去苏州乐园玩时掉在地上弄脏了，洗起来麻烦些但绝不是洗不掉。我就问是否已洗过确定洗不掉，回说是；又问，拿什么洗的，回说清水。真是不知道该气还是笑！问那个清洁阿姨为什么不用洗衣粉，居然理直气状地说洗衣房说的，又说洗衣房不在这里，所以没有任何洗涤用品！实在不想和这样脑筋不太清楚的人多说，直接请主管出来拿些厨房的洗洁精，她只随便选了一个脏的地方，加洗洁精搓搓，原来的白色就出来了。就是这样那个主管还说和正常的白色有色差，要报废了，又说洗衣房要加钱等等，看看时间已经耽误了半个多小时，一家人都在等，不想再和他们搞了，就说我们承担洗涤费，那主管居然开出30元的高价，大约等同于5星酒店水洗毛巾的价。想着离开，也不去计较价格了，谁知那主管居然用所谓大度的态度跟总台说，算了就让他们赔30块吧！实在听得人很撮火，一天的好心情就被破坏！看来现在价廉物美这个词是没什么用了。
8414,1,"用过vivo xplay也是立体声双扬声器，跟这部华为M3想比呢外放音质真的，vivo的高低分频真的跟到位，华为M3声音比较大，扬声器离得远，立体声比较好。反正就是各有所长吧,M3放到最大声会失真，这一点真的是听遗憾的，M3清楚版不太听得出来失真，但是因为青春版的扬声器低音没那么强劲，而且也没M3大声，毕竟价格摆在那里"
15360,0,通话质量太差我用联通和移动的卡都试过了，所以E568可以说是个“花瓶”。让女友K了一通，唉...
15319,0,1.不是只能手机2.不支持java3.待机时间短4.天价，就一个隐形功能就敢卖这个价5.电视里广告太恶心6.哗众取宠
22178,0,难吃。才吃第二个就是坏的，一点都不脆。水分很多，感觉好像打水了，里面。
6850,1,音质一级棒。。。。。。。。。九九九的价格还用三十券，价格好吗？
53490,1,设施环境都很好，唯一美中不足的是去的时候正赶上练习场还在施工改建，没能过把瘾，下次带家里人一起去度假宾馆反馈 2008年6月29日 ： 感谢您的点评！练习场已正常开放，并在6、7月份有试打活动，详情可见携程礼包，欢迎您携家人前来。
26087,0,12个苹果4个有损伤，请问京东你们是怎么做到的?说得过去吗，一次失望的购买，建意慎购!!!
30687,1,京东搞活动买了很多东西还不错的价格。
30422,1,东西是正品蛮好的，第一次用京东，服务好送货快！而且快递小哥大中午的那么热还亲自送到家门口！比某某网站快递公司快递员好百倍千倍。。
28789,1,去屑止痒效果很好，闻到香味的，大品牌值得信赖！好东西你值得拥有！
19310,1,这次的没有上次的好吃，不过水份还足，没有烂的，希望京东质量不要变了
42849,1,裤子不错！尺寸正好！颜色也没有误差！客服服务态度也非常好！很满意的一次购物！祝老板生意兴隆！
49084,1,"LED的屏幕还是不错的,就是太亮了,有点反光.多功能的触摸板也是一大亮点"
52824,1,1-酒店地处偏僻，离海边很近（走路2分钟），且海水比北戴河和南戴河要干净，但是海边没有什么娱乐设施。2-我们是8月22日入住酒店的豪华间，房间室内设施一般较陈旧，因为楼层不高，阳台上会发现有蚂蚱一类的小生灵。卫生间的设施还不错。3-酒店的服务很好，有问必答，有求必应，而且员工们无论是哪一个岗位都很热情。饭菜也很不错，只是当天入住时海鲜的种类很少，但味道很可口也很精致。比起大排档来说要吃的舒服。4-周边没有什么超市和商铺，很清静，30元一位的卡拉OK，即便4个人也可以给你提供一间大的功能厅，超爽，只是音效略差一些。5-总体来说这个酒店从性价比上来讲是非常不错的了。
62454,0,相当不靠谱
15960,0,啊，用这只机子发短信就等于跟自己的过不去，不能按输入的姓名查找要发送的号码，好不方便啊，万一要是不记得对方的号码，只能一个一个在话机电话名单下翻查，晕了
22487,0,太差了，根本就没有他说的那么大，而且都像是买不出来的，一点都不新鲜
7726,1,东西收到！和想像一样。没失望！还在体验中！后期再评！物流点个赞！
19476,1,整体还是不错，都挺新鲜的，特别是苹果和菠萝，很新鲜，味道也可以，但是车厘子就不是特别新鲜，味道也一般，应该放有一小段时间了，不过也理解吧，毕竟这种比较难保存
33017,0,假货 味道完全不对 不敢用
18055,1,苹果新鲜漂亮，脆甜可口，很好吃，家人喜欢。物流快，很愉快的一次购物。
50758,1,"配置高价格低,自带的三星DDR2-1G-800内存,质量比前段时间东京卖的同方V80摸具提高不少,轻触功能键高技术含量,烤漆面板很大气,散热还可以"
44450,0,原本每年都会买三件，现在只想说，一次比一次差劲。以后不会在买！越来越让人失望
59328,0,酒店服务意识很差，餐厅不能签单，说是怕消费的高于预授权。服务生明显没有经过培训。
14973,1,机子造型可爱！那个镜子也算实用，上班起晚了，路上拿出来偷偷照照！机子还算轻，一般放在口袋里就可以了！价格比较便宜！翻盖时，感到很流畅，应该做工很好！屏幕还好，算比较清晰！铃音也行了！要求不高，1500元买的要求高不太现实！游戏玩起来，画面还算流畅，没事时，可以放松一下！
55616,1,环境很干净，也很安静。我到天津都会住这家酒店。不过浴室设备有点陈旧，洗脸盆都破了。但是大床很舒服。
54609,1,"确实很有商务型酒店的特点,但是缺乏周到的五星的服务."
39246,1,裤子质量真的很好，价格也很便宜，买之前我问了客服，客服推荐的也很合适，谢谢^ω^
55988,1,地段不错，比较闹中取静的，就是出租车比较难叫，好在门口的服务员会帮你叫，总体感觉不错，房间也比较大
25365,0,昨天刚到的货，坏了两个不能吃，还有一个没有什么味道，对京东自营商品失去信任，以后大家买自己多注意吧！这次的购物经历涨教训了！
51835,0,太大，出个12~13寸，这个配置的就爽了。 机子很厚，这点不得不提。
24470,0,从没见过这幺小的火龙果，竟然好意思说是中果，和小号的苹果差不多大
9545,0,分辨率太低，有些卡
4294,1,质量很好，价格合适，性价比超高，很好用，下次还来京东购买。
11438,0,垃圾 屏幕放电影老闪光 用了几天才来评论的
57826,0,一个破落的酒店、开车路过不得不住！奇怪的服务员早晨四点钟不知为什么要开门进入我房间！！！！听到开门声我大呼wye？该女人一声对不起，走人啦、、、、、门口停车保安说24小时有人看守！早晨6点30分退房惊见保安在总台用椅子变成床呼呼大睡！停车场空城计！！！！其它不评述了、累！！！总之、万不得以、不住！
42855,1,垃圾衣服，不透气，再也不想买了。
57651,1,地点看上去不错，在北京西客站对面，但出行十分不便，周边没有地铁，门口出租车倒是挺多，但就是不带你，除非你上去就跑一百元以上，如果只是起步价，一边凉快去，他说他有事，要不就是马上回家吃饭不顺路。周边环境很差，一天到晚人如潮涌，附近超市、商场的东西赚的都是过路客的钱，价格狂贵。好在四周饭店挺多，肯德基、永和豆浆，加州牛肉面等一应俱全，还算方便。酒店服务不行，携程订的房间，注明上午8点左右入住，但一直没有空房，等到下午一点才入住，还是个残疾人专用房，房间还行，挺大，可以免费宽带上网。结帐时，前台都是实习生，业务不熟练，速度不快，差点误了火车。另外，我一同事先行离店，竟然多刷四千元，等人走后，酒店发现差错，态度还不错，联系上本人退还差价。
10703,0,你看看这怎么看电视看电影？我凑 什么玩意儿？
37358,1,蒙牛的镜头应该不错！
2036,1,随手拿起来翻翻，每次都感觉童年那些美好的事被唤醒。
6976,1,刚拿上手感不错。这个价值了。就是贴膜应该有两层，怎么就一层，最上层不见了，给人感觉用过一样。
45089,0,很明显没有在线下买的的质量好，洗过一次后就像穿过很久的衣服，这次的购物对质量很不满意。衣服的尺码还偏大比我买的XL还要大，L码最少是180的尺码。
55427,1,房间很干净，住的比较舒服，就是床有点硬。但是，号称在海河最美的一段纯粹是骗人，离海河至少要走十分钟，而且根本谈不上美。
34491,0,假货假货彻彻底底的假货，大家可别上当了，以前一直特别信任京东，尤其是京东自营的，京东超市的东西我以为不会有假，但是真是太让人失望了，洗完头发头皮屑华华的掉啊，关键是刚洗完就起头皮屑，痒死了，还特别容易出油，之前用的沙宣从来没这种情况，这太明显的假货了，京东自营都靠不住了，大家要慎重下单啊
27513,1,比超市便宜多了，质量不错，京东正品有保障。
14103,1,DV概念是最大卖点。显示屏色彩饱满。摄像头有保护盖。
62558,0,知道酒店房间小，但没想到这幺小，转身都困难；知道酒店房间吵，但没想到这么吵，除了自己的呼噜声，什么声音都能听到；知道酒店服务差，但没想到这么差，服务员说话的感觉和吵架没啥区别；总之，相同价格的酒店还有很多，其他同类酒店的设备和服务比汉普顿好的多了，以后实在不会选择这汉普顿了。。。。。。国内的很多招待所的质量估计都要比它好很多。。。。。。
2197,0,"这类书简直是教人犯罪,人生老病死是规律,偏要逆天而行!"
27238,1,老婆说潘婷的 用了再来评论 就是担心为什么是礼品盒装的呢
31486,0,以为会很好用，用了泡沫很少，洗完不柔顺，感觉怎么洗也洗不干净，擦完头发就很多白色的这个，全家人都说这个超难用，不如海飞丝潘婷，今天侄女洗完也是这样，很质疑那么多好评怎么来的，差差差
3357,0,画册略显简单一点，画面也不是很生动，宝宝看一会就没兴趣了。
1455,1,红旗下成长的人见到的只会是红色，并且需要不断以自己的鲜血继续渲染前人染过的耀眼浮华，来继续弘扬自由与民主。“人是生而自由的，但却无往不在枷锁之中。自以为是其他一切的主人的人，反而比其他一切更是奴隶。”自由是人所想往的，其原始意义甚至高于民主。当费尔玛用“没有人是生而自由的”命题为人类社会现状寻找依托时，卢梭等几代人提出了自由的追求。
48760,0,我要店主给我发黑色裤子（丹顿公子）的，给我发了个灰色。不喜欢
19930,1,肃天水红富士苹果 12粒装 约75mm 总重约2.25kg 新鲜水果
57366,1,住过好多次这家酒店了，上次来到前台，服务员能准确的报出我的名字，感觉很亲切。四星级就是不一样。而且当天服务员还给我安排了一间商务单间，房间很新，比我订的要好价格没变。说是酒店搞活动，像我们这样的商务客人都有机会享受，不错。
39006,1,以后带同事一起来 我超喜欢，做工质地都好得没话说，呵呵，
28348,1,包装非常漂亮，品种很多，价格便宜，推荐！支持正品！支持京东！
26149,0,这一次买的很失望，没有之前买的好，送货时间也好多天，水果外观也没上一次好
9296,0,星期二买的手机，今天就降价200了……问客服，客服说是限购商品，所以不支持保价……我买的时候可没写限购商品！太无耻了，真会忽悠！
11456,0,奇谈怪论！荒谬！
59218,0,开在商务楼里面的酒店，连一个像样的前台都没有。 因为飞机延误之前订的酒店被取消，就近订了这个，上当。 强烈不推荐住这里。
3661,0,充满了惨不忍睹的比喻 例如：用掺着血的牙膏沫子形容一串粉红色珍珠的色泽 让人情何以堪？！
1531,1,孩子七岁了，是个“麦坤”粉丝，昨天收到的，今天就带到学校“炫”去了，还不舍得涂。每页上面都有一句话，和电影故事里的情节大致一样，每个主要人物都有，只是文字不带注音。(注音版)指的是每页都有一个来自这段故事文字中的一个词，就是描红字，字很大，很适合5岁以上的孩子，还能够认识一些字。只是里面有两个人物的名字“马克”变成了“阿麦”，“博士”变成了“韩大夫”。对认真的小车迷们比较遗憾。
41027,1,小白t简约时尚，随便搭配什么，可内搭，可外穿
17511,1,京东鲜果就是又快又新鲜 没有任何破损 买了四种水果 每种都满意
8218,1,用着还可以！至今还没有发现什么问题！
18525,1,苹果?很脆很甜哦(⊙o⊙)哦，比超市还便宜，还送货到家，物流很快哦(⊙o⊙)哦，推荐大家哦，还有优惠券的呢
61361,0,设施是很一般，但是服务人员的态度不敢恭维的。早饭很差，一大群服务员乱哄哄围在一起，就是没有一个人理你
23496,0,连续削了两个苹果，里面都是臭的，发出一股浓浓的，类似榴莲的臭味，只能扔掉。刚刚发现这个不能退货，就当买个教训了，以后再也不在京东买水果生鲜了。拜拜。
16015,0,产品质量狠差，性能不稳定，经常死机，速度狠慢，信号差，外表易磨损，有时候不能拍照，不能摄像，突然振动，并且维修服务差，
59712,0,环境一般 不怎么样
34820,0,一直在京东上买东西，但是这次包装太差了，都漏了
59200,0,什么电力宾馆呀？！根本就象私人的“大车店”！服务不是一般的不规范（收款除外）。入住该宾馆的时候，打开房门一看：纸篓是满满的，洗手盆里都是污水，马桶里也是污水（马桶还是“长流水”），毛巾和地板都是灰色的。打扫过的房间，洗手盆里还满是黑乎乎的油污。第二天早晨，我们刚刚起床，服务员连门都没有敲直接推门就进去了，说是要打扫房间。当我们离开房间的时候，我告诉总台打扫，可是4个小时以后我们回来，房间里就和走的时候一样。房间里电视和宽带也没有了。再次去找总台，等了半个小时都没有人来……总之，就是有一种被愚弄了的感觉。建议携程网取消该宾馆的合同，否则也许会影响到自己的信誉。
50612,1,"我觉得本本还是不错的,简单干净.性能也还好.而且我喜欢HP这个牌子,我们家台式机也是HP的."
47800,0,为神马蓝色的背心和网上图片差距真么大，还掉色
29807,1,发货速度快，包装完好，收货满意，继续关注！
56879,1,挂五星实在有些牵强。卫生间太小，还不如呼市国航四星的大，房间暖风给的太早，又没有冷风和换气，热的人实在难受，只得开着窗，开窗又太吵。早晨赶飞机结帐，必须等服务员查房，简直就是三星级服务，呼市的国航四星都不查房了，十几位客人在大厅里等，大家都很奇怪：这样的房间有什么可拿的？不知道他们查什么。唯一还行的就是410一天房价了，但当地人还是说太贵，等香格里拉开业，这里也就250了。
62634,0,房间小，一进去就有一股霉味，我们定的4个房间基础都有，最后挑了一个可以接受的，卫生间也又差又脏。
34352,0,ni ma没几天就降价 降的比限时秒杀的还便宜 zhennima 不厚道
39914,1,裤子收到了，非常好，下次继续购买！
15451,0,"待机太短了吧哪有三四天呀我的夜里关了,电话也不多才三天,别胡说呀"
48292,0,说好的加绒呢？差评！！！！！！！！！
62065,0,退房时，总台有个女的态度很生硬，就像你欠她八百吊钱似的，国企做派。
45350,0,在京东商城平台购物最失败的一次，完全地摊货。
12630,0,买了几天就降价200多，差评！本来觉得华为手机不错，这下让我伤心了。虽然我们公司楼上就是华为，但是我决定以后都不用华为了。
61091,0,我很少做酒店点评，但这个酒店确实是我近年住的最差的酒店。地方非常不好找，大部份的士司机都找不到，太偏了。酒店房间很小，如果有两个人，连个行李都没地方放。卫生间漏水，马桶不通（我们两个房间都一样）。空调不管用，一个晚上卡卡的响，早餐极差。唯一好点就是边上有个公园，早餐爬走起来可走走。虽然那里面有一堆老人在晨练。总体意见：在这个价位下，不值得入住。
2300,0,怎么感觉自己不喜欢这样的书 看了一半 不打算看了
11722,0,一星都不想给，首先发货不按时发，然后就是满电的状态下视频播放4小时左右就没电自动关机了，不是说好的可以连续播放10几个小时的吗...真不能看广告啊！！！
60924,0,"我是带孩子去的.电视画面一打开就是不堪入目的镜头.怕孩子乱摁,只有把遥控器藏起来.作为五星酒店怎么可以象街头旅馆? 酒店应该反思一下."
47394,0,这条裤子非常的不好穿
34707,0,洗过了头发长头皮屑而且还有头皮发痒差评差评差评
38136,0,我家早就封杀蒙牛了 蒙牛酸奶被曝产于2月30日，蒙牛回应：照片上的非蒙牛产品。http:t.cn/zYQK973
32884,0,东西好假，绝对不是正品上当了
14728,1,VK300是一款GPRS双彩屏折叠手机，黑色和银色的色泽，映衬在铝轻合金的质地下，煞是高贵迷人！另外，它还拥有65K色的真彩屏幕，以及40和弦的铃声，炫靓的外观结合主流的功能，堪为偶像派机型！1.机身做工出色，手感很好； 2.铃声优美动听，音量大，支持MP3作铃声； 3.屏幕较大，显示效果非常出色； 4.键盘设计很有美感，手感舒适； 5.支持GPRS； 6.电话本储存量大，支持超长短信的发送； 7.内置游戏效果不错；
16081,0,我用过一个月，觉得该机有六个毛病：1，无蓝牙和红外，无法和其它设备交换信息。2，播放器不流畅，支持的格式很有限；电池不经用。3，扩展槽也不方便使用。与我试用过的联想et980比起来显得十分逊色。建议谨慎选择。4，通讯录竟然连公司名称、职务、住址都没有，比起诺基亚的功能来简直是小学生级别地。5，信息铃声太小且无法调大。6，无论拨出电话还是发编辑信息，单手都不能操作，因为为了节电，萤光屏关闭后必须要再按一下右边的电源开关才能打开，应该按任意键即可打开荧光屏。
39957,1,面料不错。穿上去舒服。快递垃圾。
2284,0,这本书不象宣传里说得那么好，买到家以后，翻了翻就没有兴趣了。本来是想买回来，让小孩学习英语的，拿到书以后，竟然是中文夹着英语单词，这种脱离文章来学习英文单词的方法，我是不认同的。
30146,1,真心好用，一直都用清扬。建议京东平台多搞活动！
24386,0,苹果大小不一非常不满意，包装非常差，基本的胶带都没有，非常气愤。
12559,0,啥子烂电脑哟，用啥子都卡得不得了。劝各位不要买，我都是个例子，我不晓得他纳闷多好评是找了好多人来刷，买了绝对后悔
28522,1,真的很快，上午下单，下午就到了，实惠套装，好评。
45282,0,太差了，发货发错了，质量也差
41733,1,宝贝收到了，实物很不错，质量做工都挺好的，面料很舒服，大小也正合适，性价比不错，老板服务也很贴心，满意的购物！
13149,0,靠才过了半个月便宜*京东你这是故意欺负我？不要回头客了？我天天上京东你就这样搞？气愤伤心一下便宜*的太离谱以后不上京东了
43390,1,不错不错， 而且有弹性 标准 裤子质量很好 面料摸起来舒适，而且有弹性！ 很有型，裤子的质量也很不错！
37735,1,你心情郁闷吗?开心吗?伤心吗?还是听闪闪心情好兴奋?好感动?想释放自己?喝蒙牛纯牛奶!帮助你释放自己!不纯的喝了变纯。纯洁的喝了更纯!还可代替酒精!安全又健康!蒙牛纯牛奶!你的选择。 @金秘书要为金总加夜班_KaK
41065,1,大小合适，上身效果好，超帅，颜色和图片上一样，看起来质量不错，还会继续关注的
2377,0,有点名不符实， 书的内容太简单， 小孩看过一遍后就用不上了
22529,0,最后一次在京东买东西，快递刚到打开果子是裂开闻去明显有异味，和客服反映问题，客服说他家买东西是没办法退的，。我问怎么处理，他的意思是你活该，谁让你来我这买东西，问他能解决吗，他就不回话了。
9061,0,京东最差的一次网购，平板左下边缘一直有亮点，怎么都弄不好，又没时间去退。
7204,1,实物和图片没啥差别，用了一段时间来评价，玩游戏很流畅目前，好像不怎么会用分屏，和截图功能，带来一不方便
41911,1,裤子很好看 质量也很好 喜欢还会下次购买的
18658,1,苹果是脆甜的，好吃，发过来苹果没有磕碰的。
45686,0,裤子怎么看起来和旧的一样啊？没有想象中的好，还特别薄
42218,1,很好，质量不错，穿上后气质马上提高了，大写的棒
1893,1,八个各不相同的故事，八段难以言述的故事，每一个故事都让人想起那些丢失的青春和晦涩的淡淡的爱情。没有什么轰轰烈烈，没有什么刻骨铭心，有的只是浅浅的淡淡的几乎过去了就了无踪影的一丝爱情感伤。当爱情已经成为了家常便饭，我们所能拥有的彼此还需要什么？当青春已经不再，我们所能留住的又有什么？青春就像一块残破的刀片，我们挤着它经过，我们也支离破碎
21368,0,和照片上的苹果完全不同，貌似是从地摊上挑出来的，太骗人了，不良商家啊
61497,0,感觉非常一般。位置离机场不算远，但是交通不方便，周围也没有什么配套设施，好在酒店的接送机还算不错。在飞机的航道下，飞机飞过的声音很明显。晚上入住的时候，门锁不太好用，试了好几遍才打开，差点儿下去找人帮着开了。房间内非常冷，空调开始也不太好用，需要使劲按开关才打开，晚上没按开，在寒冷中度过一夜。被子也薄，充分感受了有人说的“愿用江浙沪包邮，换有暖气”。房间内的电源也很少，而且基本都被占用了，为了给是手机充电，都把机顶盒的电源给拔了，也许是藏的太好了，我没找到吧。晚上接机的司机态度不热情，和天气一样。
30226,1,一直听说这个牌子的洗头水不错，正好赶上京东活动，就买来试试，怎么说呢，还行吧，并没有说的那么好，但是也不差
51215,0,外放音量不是很大，高音有点小尖低音不足，如果环境不是太吵闹可以应付正常使用
23984,0,20几的苹果，个头偏小，口感不错，脆甜，不过第二个就吃到了个虫蛀的，已和客服沟通过，给予了适当补偿
37530,1,#给婆婆送礼送什么？# 婆婆80多岁了，眼不花，耳不聋，身体越来越硬朗平时不爱穿什么名贵服装，只喜欢我给她买的蒙牛真果粒和金味麦片@蒙牛乳业@金味麦麦
31494,0,怎么回事？至今没收到？把我的货丢了吗？
16204,1,苹果还不错吧，看着不怎么样，但吃起来还行。
56608,1,中归中举的酒店，但地理位置特别好，价格也还能接受，下次来应该还会在住这里
43663,1,物流给力 质量好 做工细 颜色好 效果好 很满意 赞一个
35148,0,快递挺快，但是包装烂了，里面的东西一层灰，不知道是哪年的库存还拿出来换钱！
25415,0,烂苹果，恶心，京东最糟糕的购物
37193,1,最爱益达和蒙牛冠益乳神马的广告了。PS：还有最爱的彭于晏。终于找到完整版了~蒙牛
28305,1,买了几次了，感觉还可以用！好！！！
31187,0,收到的时候有瓶小的盖子都没拧好全倒在盒子里了
27741,1,用了之后感觉有点干燥，可能发质不好。
44512,0,表弟说一个大一个小 玩几把 再见。
54475,1,房间比较大，很舒适； 隔音效果还不错； 但早餐品种太少，电视节目不够丰富。如果周末的房间也是298，就比较实惠了。
31518,0,因为是用完才回来评价的，结果就用了一回，从来没有头皮屑用了后就满头发的头皮屑，立刻停止！太差劲了！
48881,1,机子小，噪音很小，散热也不错，携带方便，cpu性能不错，内存还过的去
32669,0,一共三大瓶，破了两大瓶，实在是差太多了
39261,1,挺薄的，真的很薄适合春秋天25的温度！衣领太高了，还有后颈处缝了一个超大的LOG布袋是嘛意思？
48845,1,"轻薄,外观典雅,内敛,除了内存外其他配置还不错,好在送了1条1G内存条.散热好,噪音极小,运行起来几乎听不到声音.机器稳定性也不错."
35544,0,假货，洗发水超级稀，味道也不对。买的时候写的是无硅油，货到了根本没有标注无硅油的地方。京东越来越差了，还是不要在京东上买日化用品，假的伤害皮肤啊。连瓶子上的网址都没法访问。
7094,1,买来玩游戏的，应该买大一点的内存，感觉32的还是比较小空间，其他的还好，还没发现问题，只是包装应该加强一下，里面都没有保护的，就直接扔里面了。
46706,0,裤子太差 裤腿太粗 不是说小直筒吗 给我发的是大直筒吧
29626,1,很划算啊，去超市看对比了一下，发现京东上更便宜，应该是真的，还没开始用，很划算，喜欢在京东上买，当天买当天到货，么么哒
32869,0,很久都不评论了，特别生气，评论一下，一共用了俩次，头皮屑猛掉，不得了了，假货假厉害啊，受不了了，今天还要去超市重新买个，不敢京东买了
35962,0,用起不舒服 女友用了 也一样 头痒！
14268,1,外观时尚S70功能强大
23874,0,质量不稳定，这次明显成色比上次差，快递也换了，比较慢。    不会再买了，失望啊。
10860,0,一分给快递，拿到手第二天就老是卡
58002,0,差了俩块钱没早饭！！！酒店离机场很远！接机班车不准时！！
20718,1,看上去还不错不知道味道怎么样等吃了再说
28644,1,滋源生姜洗发水，包装完美，多次购买此款家人非常喜欢，京东配送非常快，快递小哥给力。
59578,0,一般酒店空间太小，无窗十分不舒服。
53252,1,"我的朋友来北京多数住这里.感觉套房向南方向的还不错,其他朝向的很不好,价格应降低一个档次.特别是两头的,特别不好.我的朋友很不满意.另外,停车费极贵,吃一次饭就得10多元.应该住宿的停车免费!!!"
60621,0,大堂积房间走廊不错，房间内很一般，吃个早餐要走很多路不好，总是的来说一般般。
27909,1,大品牌就是好用，一直支持京东，服务这片区域的快递哥也很给力
20165,1,京东自营生鲜水果，包装真好，一个坏的也没有，苹果虽然样子不好看，但是味甜清脆爽口，大爱。
61114,0,位置比较好找。房间不大，设施略旧。
28821,1,晚上下单第二天上午就收到了，京东就是快，包装很严密，一直在用潘婷洗发水，三大瓶加三小瓶，很划算的。
1089,1,清穿文，第一本看的是《风舞大清》，第二本也是最后一本就是《勿忘》！完全的两种风格，各有特色！但是我更喜欢《勿忘》！那淡淡的哀伤，也许会让我持续很长时间无法释怀~~~~~总有种绝望的感觉！但是，有爱才不同，因爱才勿忘！！！所以，从此不看清穿了！！！~~~
10066,0,24号买的，手中不小心滑落屏已经碎，时时刻刻，分分秒秒做好换屏的准备。
45909,0,裤子太差了，刚穿一次屁股就起毛了。
55474,1,很不错的酒店，尽管在火车站，但很安静。房间干净，早餐一般。
58763,0,在网上综合考虑后，并打电话给汉庭，汉庭说靠街边的窗户都换成双层窗户，隔音很好，也有停车场，汉庭极力推荐自己的会员卡，但是我没采纳，还是通过携程订的。1》汉庭给了一个紧靠酒店灯箱广告的房间，电流的低频噪声不是一般的小。也没见到双层窗户，的确是非常吵，一大早，对面一家2元店就开始营业了，郁闷的想下去砸人家店，呵呵2》停车场，唉，正规的停车位只有8个，我出去一趟回来再停时没地了，汉庭的工作人员让我停在对面的小区，说可以报销，我按照他们说的做了，拿了一张5元的发票，到前台报销，前台说等结帐时一起报，第二天结帐时说我的发票兑奖处被我刮过，他们财务规定不能报销，天啊，我都干财务多少年了，这是一张多么正规的发票，竟然不能报，而且前台的服务人员那种不爱搭理的感觉，让人很愤怒，算了，那就把发票撕了，走人吧，还好，俺不缺这5元钱，只是他们的承诺。。。
55927,1,喜欢~下次还去~
26679,1,一直在用这个牌子，赶上活动还外送这么多。。。五星五星五星。这次最惊讶的是不到十二小时就送到主人手里。特别感谢我们的快递哥，辛苦你们啦！！！32个赞！
2561,0,我于11月22日订购了《杜拉拉升职记》并已通过银行付款，为什么订单下了两周多至今还未到货？
57079,1,"房间还算干净, 服务员服务尚可, 2星标准差不多就这样."
41322,1,弹性良好，穿着不紧身做工绝对的好面料不错，穿裤子收到了！
3830,0,17号订的货，现在都没收到，无从评论
13516,0,太垃圾的平板电脑了 难怪各种降价和优惠打折处理 首先是屏幕发黄 和描述的不一样。京东开始卖不好的产品了。其次 说送的什么京东什么阅读卡什么的礼包也没有在里面！！！。太垃圾了 大家还是加几百买其他的吧 而且这个和几百的平板并没有太大的区别 大家还是别买了！！！
57513,1,"别墅式的旅店,环境很不错,服务也很好,房间稍微有点小"
31354,0,怀疑是假货，洗发后感觉很不好
33772,0,东西还没有去拿，只是超级不满意，买了3次退了两次，还不知道什么原因退的，问客服还没回复，还说是自营店，凡事不过3，终于成功一次，真想投诉，??
59958,0,去的时候已经很晚了，在大厅叫了好几声才有一个服务员从前台后面爬起来，帮忙办理了入住手续。进到房间后发现房间的设施非常简陋，霉味也非常大。第二天早上起来才仔细看了一下房间，比起如家等快捷酒店差远了，说是三星的酒店，但距离三星不是差一点点。。。根本对不起220 的价格，最多也就值100多一点点。
57068,1,这次是第3次去碧水湾泡温泉，不过是第一次选择住在度假村里，此次入住感觉真的很不错，就像携程介绍的，服务很注意细节，欢迎水果、功夫茶还有客房书桌上的书架都让人感觉很舒服。温泉也仍然保持了高水准的服务，这一点也很难得的，都好几年了，服务水平一点都没有下降，服务员的服务意识都很强，毛巾供应在人很多的时候都很充足（感觉这一点对泡温泉好重要的哦，毛巾不够会好冷的哦）。唯一美中不足的是大床房全部都是朝公路那边的，朝山景的那边只有双床房，订房的时候就发现这个问题了，但还是想要大床房，结果发现朝公路还是有少少噪音的。。要是酒店在两边都安排各种房型给客人多点选择就好了
35805,0,备注：以下评论与产品质量无关！快递态度太差！快递态度太差！快递态度太差！重要的事要说三遍！！！
29859,1,昨天下单，今天收到。京东物流没得说，送货快，态度好。外包装精美绝伦，第一感特别好。打开包装精神为之一振，其物色泽光艳，轮廓婉转有序，大小高矮搭配得体。商标最能引人注目，不经意看到商家为了打动消费者的心多么用神。一个组合才几十块，物超所值，我的伙伴们，不要再犹豫，    赶快下手！
52521,0,"1，显卡容量虽是1G,但位宽只有128位，有商家玩噱头之感； 2，右侧和后侧的两对usb接口靠得太近，若连接线的接口比较大，是不能同时插入两个的 。"
49753,1,性能不错，发热量不大。正常工作时GPU温度50几度，新电池的使用时间有3.3小时（vista已平衡），3Dmark 2006评分2000过一点，vista自己评分4.4。 外形很漂亮，系统界面漂亮
29031,1,比超市便宜的多，很好是正品，看图
4649,1,物流很给力，东西很完美，用来看电影，学东西不错
33987,0,送货什么的都很快，可是用后头皮屑很多，头皮很痒，之前在屈臣氏买的用了两瓶一点问题没有，在京东买的不会是假的吧???
60321,0,酒店安排的是最靠里的 很差的房间
38650,0,你失恋了吗，你失业了吗，你对生活失去信心了吗，蒙牛是你绝佳的自杀良药，喝一瓶肝肠寸断，喝两瓶经脉错乱，喝三瓶全身瘫痪，喝四瓶耶稣接见，蒙牛---专注自杀N多年
33596,0,不知道真假，就连外包装都没有
21799,0,大小个头不到75mm，还有2个坏的。
15241,0,"SC3是垃圾,次品.我在恒波通信买的.强烈鄙视,拍照速度奇慢,按下快门键,一秒钟后才真正拍照,如果是打开夜光效果更离普,两到三秒钟才拍,而且会有蓝屏死机现象,原装电池用不了多久,常是打到没电了,再开机又有两格电,商家说这是这款机型的正常现象,习惯了就好"
39756,1,质量很好，价格公道，穿起来很帅，材料不错
24043,0,比手掌还小，拔了皮里面还有肉不！真不是一般的差！！
22453,0,果还行，物流绝对差评，生鲜水果居然用什么韵达，包装再好也顶不住物流的暴力运输，收到后发现有三个烂果，太失望了
38642,0,"不爱喝蒙牛, 以后也不会喝."
19850,1,苹果看上去很好，和广告的一样。物流超给力，昨晚下单，今早就收到，点个赞！尝了以后再评价。
15961,0,垃圾，我买了一次，又换了一次，信号还是接受不好，比英华618B差太多。不知是经销商卖假，还是机子不好。
42600,1,评价晚了，裤子很好，质量和版型都不错，这些钱
54414,1,"以住宿来说, 是一个不错的选择, 不过餐饮选择不多。地点不好找,也比较偏, 自己开车会方便点。整体来说是一个可以的选择。(NA)"
50719,1,性能不错，很便宜 开了一整天，机身温度还是蛮低的  几个功能键也挺好用的
6596,1,"用了两台华为的平板了，上一台是华为m2,m3比起m2提升还是挺大的，无论是屏幕，外放音质还有反应速度，4g的运行内存加海思麒麟950就是快，还有多了一个指纹解锁，解锁速度挺快的。"
27787,1,昨晚拍的今天下午就到了，这速度好喜欢！东东跟图片一样，用后再追加吧！
28946,1,宝贝收到，618打折买的非常的实惠，非常的满意希望下次还有机会买宝贝
